v1,v2,v3
1,2,3
4,5,6
7,8,9
10,11,12
1,3,13
14,1,13
15,4,6
15,6,16
14,13,17
18,14,17
19,15,16
19,16,20
21,10,12
21,12,22
7,9,23
24,7,23
18,17,25
26,18,25
27,19,20
27,20,28
24,23,29
30,24,29
31,21,22
31,22,32
33,31,32
33,32,34
30,29,35
36,30,35
26,25,37
38,26,37
39,27,28
39,28,40
41,42,43
36,35,44
45,36,44
46,33,34
46,34,47
38,37,48
49,38,48
50,39,40
50,40,51
52,41,43
52,43,53
54,52,53
54,53,55
56,54,55
56,55,57
58,56,57
58,57,59
60,58,59
60,59,61
60,61,62
63,60,62
63,62,64
65,63,64
65,64,66
67,65,66
67,66,68
69,67,68
69,68,70
71,69,70
71,70,72
73,71,72
45,44,74
75,45,74
76,46,47
76,47,77
78,79,80
49,48,81
82,50,51
83,78,80
83,80,84
85,83,84
85,84,86
87,85,86
87,86,88
89,87,88
89,88,90
91,89,90
91,90,92
91,92,93
94,91,93
95,94,93
95,93,96
97,95,96
97,96,98
99,97,98
99,98,100
101,99,100
101,100,102
103,101,102
103,102,104
105,49,81
82,51,106
75,74,107
108,75,107
109,76,77
109,77,110
111,82,106
105,81,112
113,105,112
111,106,114
115,109,110
115,110,116
108,107,117
118,108,117
119,111,114
113,112,120
103,104,121
122,103,121
123,73,72
123,72,124
125,123,124
125,124,126
122,121,127
128,122,127
119,114,129
126,119,129
125,126,129
130,125,129
130,129,131
117,130,131
118,117,131
132,118,131
133,132,131
134,133,131
134,131,135
136,134,135
136,135,137
136,137,138
139,136,138
139,138,140
141,139,140
141,140,142
143,141,142
143,142,144
145,143,144
146,145,144
146,144,147
148,146,147
148,147,149
148,149,150
151,148,150
151,150,152
153,151,152
153,152,154
155,153,154
154,113,120
155,154,120
155,120,128
155,128,127
155,127,156
155,156,115
155,115,116
148,151,157
148,157,158
151,153,159
151,159,157
153,155,160
153,160,159
155,116,161
155,161,160
116,110,162
116,162,161
110,77,163
110,163,162
77,47,164
77,164,163
47,34,165
47,165,164
34,32,166
34,166,165
32,22,167
32,167,166
22,12,168
22,168,167
12,11,169
12,169,168
11,10,170
11,170,169
10,21,171
10,171,170
21,31,172
21,172,171
31,33,173
31,173,172
33,46,174
33,174,173
46,76,175
46,175,174
76,109,176
76,176,175
109,115,177
109,177,176
115,156,178
115,178,177
156,127,179
156,179,178
127,121,180
127,180,179
121,104,181
121,181,180
104,102,182
104,182,181
102,100,183
102,183,182
100,98,184
100,184,183
98,96,185
98,185,184
96,93,186
96,186,185
93,92,187
93,187,186
92,90,188
92,188,187
90,88,189
90,189,188
88,86,190
88,190,189
86,84,191
86,191,190
84,80,192
84,192,191
80,79,193
80,193,192
79,78,194
79,194,193
78,83,195
78,195,194
83,85,196
83,196,195
85,87,197
85,197,196
87,89,198
87,198,197
89,91,199
89,199,198
91,94,200
91,200,199
94,95,201
94,201,200
95,97,202
95,202,201
97,99,203
97,203,202
99,101,204
99,204,203
101,103,205
101,205,204
103,122,206
103,206,205
122,128,207
122,207,206
128,120,208
128,208,207
120,112,209
120,209,208
112,81,210
112,210,209
81,48,211
81,211,210
48,37,212
48,212,211
37,25,213
37,213,212
25,17,214
25,214,213
17,13,215
17,215,214
13,3,216
13,216,215
3,2,217
3,217,216
2,1,218
2,218,217
1,14,219
1,219,218
14,18,220
14,220,219
18,26,221
18,221,220
26,38,222
26,222,221
38,49,223
38,223,222
49,105,224
49,224,223
105,113,225
105,225,224
113,154,226
113,226,225
154,152,227
154,227,226
152,150,228
152,228,227
150,149,229
150,229,228
149,147,230
149,230,229
147,144,231
147,231,230
144,142,232
144,232,231
142,140,233
142,233,232
140,138,234
140,234,233
138,137,235
138,235,234
137,135,236
137,236,235
135,131,237
135,237,236
131,129,238
131,238,237
129,114,239
129,239,238
114,106,240
114,240,239
106,51,241
106,241,240
51,40,242
51,242,241
40,28,243
40,243,242
28,20,244
28,244,243
20,16,245
20,245,244
16,6,246
16,246,245
6,5,247
6,247,246
5,4,248
5,248,247
4,15,249
4,249,248
15,19,250
15,250,249
19,27,251
19,251,250
27,39,252
27,252,251
39,50,253
39,253,252
50,82,254
50,254,253
82,111,255
82,255,254
111,119,256
111,256,255
119,126,257
119,257,256
126,124,258
126,258,257
124,72,259
124,259,258
72,70,260
72,260,259
70,68,261
70,261,260
68,66,262
68,262,261
66,64,263
66,263,262
64,62,264
64,264,263
62,61,265
62,265,264
61,59,266
61,266,265
59,57,267
59,267,266
57,55,268
57,268,267
55,53,269
55,269,268
53,43,270
53,270,269
43,42,271
43,271,270
42,41,272
42,272,271
41,52,273
41,273,272
52,54,274
52,274,273
54,56,275
54,275,274
56,58,276
56,276,275
58,60,277
58,277,276
60,63,278
60,278,277
63,65,279
63,279,278
65,67,280
65,280,279
67,69,281
67,281,280
69,71,282
69,282,281
71,73,283
71,283,282
73,123,284
73,284,283
123,125,285
123,285,284
125,130,286
125,286,285
130,117,287
130,287,286
117,107,288
117,288,287
107,74,289
107,289,288
74,44,290
74,290,289
44,35,291
44,291,290
35,29,292
35,292,291
29,23,293
29,293,292
23,9,294
23,294,293
9,8,295
9,295,294
8,7,296
8,296,295
7,24,297
7,297,296
24,30,298
24,298,297
30,36,299
30,299,298
36,45,300
36,300,299
45,75,301
45,301,300
75,108,302
75,302,301
108,118,303
108,303,302
118,132,304
118,304,303
132,133,305
132,305,304
133,134,306
133,306,305
134,136,307
134,307,306
136,139,308
136,308,307
139,141,309
139,309,308
141,143,310
141,310,309
143,145,311
143,311,310
145,146,312
145,312,311
146,148,158
146,158,312
216,217,218
246,247,248
294,295,296
168,169,170
215,216,218
215,218,219
246,248,249
245,246,249
214,215,219
214,219,220
245,249,250
244,245,250
168,170,171
167,168,171
293,294,296
293,296,297
213,214,220
213,220,221
244,250,251
243,244,251
292,293,297
292,297,298
167,171,172
166,167,172
166,172,173
165,166,173
291,292,298
291,298,299
212,213,221
212,221,222
243,251,252
242,243,252
270,271,272
290,291,299
290,299,300
165,173,174
164,165,174
211,212,222
211,222,223
242,252,253
241,242,253
270,272,273
269,270,273
269,273,274
268,269,274
268,274,275
267,268,275
267,275,276
266,267,276
266,276,277
265,266,277
264,265,277
264,277,278
263,264,278
263,278,279
262,263,279
262,279,280
261,262,280
261,280,281
260,261,281
260,281,282
259,260,282
259,282,283
289,290,300
289,300,301
164,174,175
163,164,175
192,193,194
210,211,223
241,253,254
192,194,195
191,192,195
191,195,196
190,191,196
190,196,197
189,190,197
189,197,198
188,189,198
188,198,199
187,188,199
186,187,199
186,199,200
186,200,201
185,186,201
185,201,202
184,185,202
184,202,203
183,184,203
183,203,204
182,183,204
182,204,205
181,182,205
210,223,224
240,241,254
288,289,301
288,301,302
163,175,176
162,163,176
240,254,255
209,210,224
209,224,225
239,240,255
162,176,177
161,162,177
287,288,302
287,302,303
239,255,256
208,209,225
180,181,205
180,205,206
259,283,284
258,259,284
258,284,285
257,258,285
179,180,206
179,206,207
238,239,256
238,256,257
238,257,285
238,285,286
237,238,286
237,286,287
237,287,303
237,303,304
237,304,305
237,305,306
236,237,306
236,306,307
235,236,307
234,235,307
234,307,308
233,234,308
233,308,309
232,233,309
232,309,310
231,232,310
231,310,311
231,311,312
230,231,312
230,312,158
229,230,158
228,229,158
228,158,157
227,228,157
227,157,159
226,227,159
226,159,160
208,225,226
208,226,160
207,208,160
179,207,160
178,179,160
177,178,160
161,177,160
313,314,315
314,316,317
314,317,315
315,317,318
316,319,320
316,320,317
317,320,321
317,321,318
318,321,322
313,315,323
315,318,324
315,324,323
323,324,325
318,322,326
318,326,324
324,326,327
324,327,325
325,327,328
313,323,314
323,325,329
323,329,314
314,329,316
325,328,330
325,330,329
329,330,331
329,331,316
316,331,319
319,331,320
331,330,332
331,332,320
320,332,321
330,328,327
330,327,332
332,327,326
332,326,321
321,326,322
333,334,335
334,336,337
334,337,335
335,337,338
336,339,340
336,340,337
337,340,341
337,341,338
338,341,342
333,335,343
335,338,344
335,344,343
343,344,345
338,342,346
338,346,344
344,346,347
344,347,345
345,347,348
333,343,334
343,345,349
343,349,334
334,349,336
345,348,350
345,350,349
349,350,351
349,351,336
336,351,339
339,351,340
351,350,352
351,352,340
340,352,341
350,348,347
350,347,352
352,347,346
352,346,341
341,346,342
353,354,355
354,356,357
354,357,355
355,357,358
356,359,360
356,360,357
357,360,361
357,361,358
358,361,362
353,355,363
355,358,364
355,364,363
363,364,365
358,362,366
358,366,364
364,366,367
364,367,365
365,367,368
353,363,354
363,365,369
363,369,354
354,369,356
365,368,370
365,370,369
369,370,371
369,371,356
356,371,359
359,371,360
371,370,372
371,372,360
360,372,361
370,368,367
370,367,372
372,367,366
372,366,361
361,366,362
373,374,375
374,376,377
374,377,375
375,377,378
376,379,380
376,380,377
377,380,381
377,381,378
378,381,382
373,375,383
375,378,384
375,384,383
383,384,385
378,382,386
378,386,384
384,386,387
384,387,385
385,387,388
373,383,374
383,385,389
383,389,374
374,389,376
385,388,390
385,390,389
389,390,391
389,391,376
376,391,379
379,391,380
391,390,392
391,392,380
380,392,381
390,388,387
390,387,392
392,387,386
392,386,381
381,386,382
393,394,395
394,396,397
394,397,395
395,397,398
396,399,400
396,400,397
397,400,401
397,401,398
398,401,402
393,395,403
395,398,404
395,404,403
403,404,405
398,402,406
398,406,404
404,406,407
404,407,405
405,407,408
393,403,394
403,405,409
403,409,394
394,409,396
405,408,410
405,410,409
409,410,411
409,411,396
396,411,399
399,411,400
411,410,412
411,412,400
400,412,401
410,408,407
410,407,412
412,407,406
412,406,401
401,406,402
413,414,415
414,416,417
414,417,415
415,417,418
416,419,420
416,420,417
417,420,421
417,421,418
418,421,422
413,415,423
415,418,424
415,424,423
423,424,425
418,422,426
418,426,424
424,426,427
424,427,425
425,427,428
413,423,414
423,425,429
423,429,414
414,429,416
425,428,430
425,430,429
429,430,431
429,431,416
416,431,419
419,431,420
431,430,432
431,432,420
420,432,421
430,428,427
430,427,432
432,427,426
432,426,421
421,426,422
433,434,435
434,436,437
434,437,435
435,437,438
436,439,440
436,440,437
437,440,441
437,441,438
438,441,442
433,435,443
435,438,444
435,444,443
443,444,445
438,442,446
438,446,444
444,446,447
444,447,445
445,447,448
433,443,434
443,445,449
443,449,434
434,449,436
445,448,450
445,450,449
449,450,451
449,451,436
436,451,439
439,451,440
451,450,452
451,452,440
440,452,441
450,448,447
450,447,452
452,447,446
452,446,441
441,446,442
453,454,455
454,456,457
454,457,455
455,457,458
456,459,460
456,460,457
457,460,461
457,461,458
458,461,462
453,455,463
455,458,464
455,464,463
463,464,465
458,462,466
458,466,464
464,466,467
464,467,465
465,467,468
453,463,454
463,465,469
463,469,454
454,469,456
465,468,470
465,470,469
469,470,471
469,471,456
456,471,459
459,471,460
471,470,472
471,472,460
460,472,461
470,468,467
470,467,472
472,467,466
472,466,461
461,466,462
473,474,475
474,476,477
474,477,475
475,477,478
476,479,480
476,480,477
477,480,481
477,481,478
478,481,482
473,475,483
475,478,484
475,484,483
483,484,485
478,482,486
478,486,484
484,486,487
484,487,485
485,487,488
473,483,474
483,485,489
483,489,474
474,489,476
485,488,490
485,490,489
489,490,491
489,491,476
476,491,479
479,491,480
491,490,492
491,492,480
480,492,481
490,488,487
490,487,492
492,487,486
492,486,481
481,486,482
493,494,495
494,496,497
494,497,495
495,497,498
496,499,500
496,500,497
497,500,501
497,501,498
498,501,502
493,495,503
495,498,504
495,504,503
503,504,505
498,502,506
498,506,504
504,506,507
504,507,505
505,507,508
493,503,494
503,505,509
503,509,494
494,509,496
505,508,510
505,510,509
509,510,511
509,511,496
496,511,499
499,511,500
511,510,512
511,512,500
500,512,501
510,508,507
510,507,512
512,507,506
512,506,501
501,506,502
513,514,515
514,516,517
514,517,515
515,517,518
516,519,520
516,520,517
517,520,521
517,521,518
518,521,522
513,515,523
515,518,524
515,524,523
523,524,525
518,522,526
518,526,524
524,526,527
524,527,525
525,527,528
513,523,514
523,525,529
523,529,514
514,529,516
525,528,530
525,530,529
529,530,531
529,531,516
516,531,519
519,531,520
531,530,532
531,532,520
520,532,521
530,528,527
530,527,532
532,527,526
532,526,521
521,526,522
533,534,535
534,536,537
534,537,535
535,537,538
536,539,540
536,540,537
537,540,541
537,541,538
538,541,542
533,535,543
535,538,544
535,544,543
543,544,545
538,542,546
538,546,544
544,546,547
544,547,545
545,547,548
533,543,534
543,545,549
543,549,534
534,549,536
545,548,550
545,550,549
549,550,551
549,551,536
536,551,539
539,551,540
551,550,552
551,552,540
540,552,541
550,548,547
550,547,552
552,547,546
552,546,541
541,546,542
553,554,555
554,556,557
554,557,555
555,557,558
556,559,560
556,560,557
557,560,561
557,561,558
558,561,562
553,555,563
555,558,564
555,564,563
563,564,565
558,562,566
558,566,564
564,566,567
564,567,565
565,567,568
553,563,554
563,565,569
563,569,554
554,569,556
565,568,570
565,570,569
569,570,571
569,571,556
556,571,559
559,571,560
571,570,572
571,572,560
560,572,561
570,568,567
570,567,572
572,567,566
572,566,561
561,566,562
573,574,575
576,577,578
579,580,581
582,583,584
573,575,585
586,573,585
587,576,578
587,578,588
586,585,589
590,586,589
591,587,588
591,588,592
593,582,584
593,584,594
579,581,595
596,579,595
590,589,597
598,590,597
599,591,592
599,592,600
596,595,601
602,596,601
603,593,594
603,594,604
605,603,604
605,604,606
602,601,607
608,602,607
598,597,609
610,598,609
611,599,600
611,600,612
613,614,615
608,607,616
617,608,616
618,605,606
618,606,619
610,609,620
621,610,620
622,611,612
622,612,623
624,613,615
624,615,625
626,624,625
626,625,627
628,626,627
628,627,629
630,628,629
630,629,631
632,630,631
632,631,633
632,633,634
635,632,634
635,634,636
637,635,636
637,636,638
639,637,638
639,638,640
641,639,640
641,640,642
643,641,642
643,642,644
645,643,644
617,616,646
647,617,646
648,618,619
648,619,649
650,651,652
621,620,653
654,622,623
655,650,652
655,652,656
657,655,656
657,656,658
659,657,658
659,658,660
661,659,660
661,660,662
663,661,662
663,662,664
663,664,665
666,663,665
667,666,665
667,665,668
669,667,668
669,668,670
671,669,670
671,670,672
673,671,672
673,672,674
675,673,674
675,674,676
677,621,653
654,623,678
647,646,679
680,647,679
681,648,649
681,649,682
683,654,678
677,653,684
685,677,684
683,678,686
687,681,682
687,682,688
680,679,689
690,680,689
691,683,686
685,684,692
675,676,693
694,675,693
695,645,644
695,644,696
697,695,696
697,696,698
694,693,699
700,694,699
691,686,701
698,691,701
697,698,701
702,697,701
702,701,703
689,702,703
690,689,703
704,690,703
705,704,703
706,705,703
706,703,707
708,706,707
708,707,709
708,709,710
711,708,710
711,710,712
713,711,712
713,712,714
715,713,714
715,714,716
717,715,716
718,717,716
718,716,719
720,718,719
720,719,721
720,721,722
723,720,722
723,722,724
725,723,724
725,724,726
727,725,726
726,685,692
727,726,692
727,692,700
727,700,699
727,699,728
727,728,687
727,687,688
720,723,729
720,729,730
723,725,731
723,731,729
725,727,732
725,732,731
727,688,733
727,733,732
688,682,734
688,734,733
682,649,735
682,735,734
649,619,736
649,736,735
619,606,737
619,737,736
606,604,738
606,738,737
604,594,739
604,739,738
594,584,740
594,740,739
584,583,741
584,741,740
583,582,742
583,742,741
582,593,743
582,743,742
593,603,744
593,744,743
603,605,745
603,745,744
605,618,746
605,746,745
618,648,747
618,747,746
648,681,748
648,748,747
681,687,749
681,749,748
687,728,750
687,750,749
728,699,751
728,751,750
699,693,752
699,752,751
693,676,753
693,753,752
676,674,754
676,754,753
674,672,755
674,755,754
672,670,756
672,756,755
670,668,757
670,757,756
668,665,758
668,758,757
665,664,759
665,759,758
664,662,760
664,760,759
662,660,761
662,761,760
660,658,762
660,762,761
658,656,763
658,763,762
656,652,764
656,764,763
652,651,765
652,765,764
651,650,766
651,766,765
650,655,767
650,767,766
655,657,768
655,768,767
657,659,769
657,769,768
659,661,770
659,770,769
661,663,771
661,771,770
663,666,772
663,772,771
666,667,773
666,773,772
667,669,774
667,774,773
669,671,775
669,775,774
671,673,776
671,776,775
673,675,777
673,777,776
675,694,778
675,778,777
694,700,779
694,779,778
700,692,780
700,780,779
692,684,781
692,781,780
684,653,782
684,782,781
653,620,783
653,783,782
620,609,784
620,784,783
609,597,785
609,785,784
597,589,786
597,786,785
589,585,787
589,787,786
585,575,788
585,788,787
575,574,789
575,789,788
574,573,790
574,790,789
573,586,791
573,791,790
586,590,792
586,792,791
590,598,793
590,793,792
598,610,794
598,794,793
610,621,795
610,795,794
621,677,796
621,796,795
677,685,797
677,797,796
685,726,798
685,798,797
726,724,799
726,799,798
724,722,800
724,800,799
722,721,801
722,801,800
721,719,802
721,802,801
719,716,803
719,803,802
716,714,804
716,804,803
714,712,805
714,805,804
712,710,806
712,806,805
710,709,807
710,807,806
709,707,808
709,808,807
707,703,809
707,809,808
703,701,810
703,810,809
701,686,811
701,811,810
686,678,812
686,812,811
678,623,813
678,813,812
623,612,814
623,814,813
612,600,815
612,815,814
600,592,816
600,816,815
592,588,817
592,817,816
588,578,818
588,818,817
578,577,819
578,819,818
577,576,820
577,820,819
576,587,821
576,821,820
587,591,822
587,822,821
591,599,823
591,823,822
599,611,824
599,824,823
611,622,825
611,825,824
622,654,826
622,826,825
654,683,827
654,827,826
683,691,828
683,828,827
691,698,829
691,829,828
698,696,830
698,830,829
696,644,831
696,831,830
644,642,832
644,832,831
642,640,833
642,833,832
640,638,834
640,834,833
638,636,835
638,835,834
636,634,836
636,836,835
634,633,837
634,837,836
633,631,838
633,838,837
631,629,839
631,839,838
629,627,840
629,840,839
627,625,841
627,841,840
625,615,842
625,842,841
615,614,843
615,843,842
614,613,844
614,844,843
613,624,845
613,845,844
624,626,846
624,846,845
626,628,847
626,847,846
628,630,848
628,848,847
630,632,849
630,849,848
632,635,850
632,850,849
635,637,851
635,851,850
637,639,852
637,852,851
639,641,853
639,853,852
641,643,854
641,854,853
643,645,855
643,855,854
645,695,856
645,856,855
695,697,857
695,857,856
697,702,858
697,858,857
702,689,859
702,859,858
689,679,860
689,860,859
679,646,861
679,861,860
646,616,862
646,862,861
616,607,863
616,863,862
607,601,864
607,864,863
601,595,865
601,865,864
595,581,866
595,866,865
581,580,867
581,867,866
580,579,868
580,868,867
579,596,869
579,869,868
596,602,870
596,870,869
602,608,871
602,871,870
608,617,872
608,872,871
617,647,873
617,873,872
647,680,874
647,874,873
680,690,875
680,875,874
690,704,876
690,876,875
704,705,877
704,877,876
705,706,878
705,878,877
706,708,879
706,879,878
708,711,880
708,880,879
711,713,881
711,881,880
713,715,882
713,882,881
715,717,883
715,883,882
717,718,884
717,884,883
718,720,730
718,730,884
788,789,790
818,819,820
866,867,868
740,741,742
787,788,790
787,790,791
818,820,821
817,818,821
786,787,791
786,791,792
817,821,822
816,817,822
740,742,743
739,740,743
865,866,868
865,868,869
785,786,792
785,792,793
816,822,823
815,816,823
864,865,869
864,869,870
739,743,744
738,739,744
738,744,745
737,738,745
863,864,870
863,870,871
784,785,793
784,793,794
815,823,824
814,815,824
842,843,844
862,863,871
862,871,872
737,745,746
736,737,746
783,784,794
783,794,795
814,824,825
813,814,825
842,844,845
841,842,845
841,845,846
840,841,846
840,846,847
839,840,847
839,847,848
838,839,848
838,848,849
837,838,849
836,837,849
836,849,850
835,836,850
835,850,851
834,835,851
834,851,852
833,834,852
833,852,853
832,833,853
832,853,854
831,832,854
831,854,855
861,862,872
861,872,873
736,746,747
735,736,747
764,765,766
782,783,795
813,825,826
764,766,767
763,764,767
763,767,768
762,763,768
762,768,769
761,762,769
761,769,770
760,761,770
760,770,771
759,760,771
758,759,771
758,771,772
758,772,773
757,758,773
757,773,774
756,757,774
756,774,775
755,756,775
755,775,776
754,755,776
754,776,777
753,754,777
782,795,796
812,813,826
860,861,873
860,873,874
735,747,748
734,735,748
812,826,827
781,782,796
781,796,797
811,812,827
734,748,749
733,734,749
859,860,874
859,874,875
811,827,828
780,781,797
752,753,777
752,777,778
831,855,856
830,831,856
830,856,857
829,830,857
751,752,778
751,778,779
810,811,828
810,828,829
810,829,857
810,857,858
809,810,858
809,858,859
809,859,875
809,875,876
809,876,877
809,877,878
808,809,878
808,878,879
807,808,879
806,807,879
806,879,880
805,806,880
805,880,881
804,805,881
804,881,882
803,804,882
803,882,883
803,883,884
802,803,884
802,884,730
801,802,730
800,801,730
800,730,729
799,800,729
799,729,731
798,799,731
798,731,732
780,797,798
780,798,732
779,780,732
751,779,732
750,751,732
749,750,732
733,749,732
885,886,887
886,888,889
886,889,887
887,889,890
888,891,892
888,892,889
889,892,893
889,893,890
890,893,894
885,887,895
887,890,896
887,896,895
895,896,897
890,894,898
890,898,896
896,898,899
896,899,897
897,899,900
885,895,886
895,897,901
895,901,886
886,901,888
897,900,902
897,902,901
901,902,903
901,903,888
888,903,891
891,903,892
903,902,904
903,904,892
892,904,893
902,900,899
902,899,904
904,899,898
904,898,893
893,898,894
905,906,907
906,908,909
906,909,907
907,909,910
908,911,912
908,912,909
909,912,913
909,913,910
910,913,914
905,907,915
907,910,916
907,916,915
915,916,917
910,914,918
910,918,916
916,918,919
916,919,917
917,919,920
905,915,906
915,917,921
915,921,906
906,921,908
917,920,922
917,922,921
921,922,923
921,923,908
908,923,911
911,923,912
923,922,924
923,924,912
912,924,913
922,920,919
922,919,924
924,919,918
924,918,913
913,918,914
925,926,927
926,928,929
926,929,927
927,929,930
928,931,932
928,932,929
929,932,933
929,933,930
930,933,934
925,927,935
927,930,936
927,936,935
935,936,937
930,934,938
930,938,936
936,938,939
936,939,937
937,939,940
925,935,926
935,937,941
935,941,926
926,941,928
937,940,942
937,942,941
941,942,943
941,943,928
928,943,931
931,943,932
943,942,944
943,944,932
932,944,933
942,940,939
942,939,944
944,939,938
944,938,933
933,938,934
945,946,947
946,948,949
946,949,947
947,949,950
948,951,952
948,952,949
949,952,953
949,953,950
950,953,954
945,947,955
947,950,956
947,956,955
955,956,957
950,954,958
950,958,956
956,958,959
956,959,957
957,959,960
945,955,946
955,957,961
955,961,946
946,961,948
957,960,962
957,962,961
961,962,963
961,963,948
948,963,951
951,963,952
963,962,964
963,964,952
952,964,953
962,960,959
962,959,964
964,959,958
964,958,953
953,958,954
965,966,967
966,968,969
966,969,967
967,969,970
968,971,972
968,972,969
969,972,973
969,973,970
970,973,974
965,967,975
967,970,976
967,976,975
975,976,977
970,974,978
970,978,976
976,978,979
976,979,977
977,979,980
965,975,966
975,977,981
975,981,966
966,981,968
977,980,982
977,982,981
981,982,983
981,983,968
968,983,971
971,983,972
983,982,984
983,984,972
972,984,973
982,980,979
982,979,984
984,979,978
984,978,973
973,978,974
985,986,987
986,988,989
986,989,987
987,989,990
988,991,992
988,992,989
989,992,993
989,993,990
990,993,994
985,987,995
987,990,996
987,996,995
995,996,997
990,994,998
990,998,996
996,998,999
996,999,997
997,999,1000
985,995,986
995,997,1001
995,1001,986
986,1001,988
997,1000,1002
997,1002,1001
1001,1002,1003
1001,1003,988
988,1003,991
991,1003,992
1003,1002,1004
1003,1004,992
992,1004,993
1002,1000,999
1002,999,1004
1004,999,998
1004,998,993
993,998,994
1005,1006,1007
1006,1008,1009
1006,1009,1007
1007,1009,1010
1008,1011,1012
1008,1012,1009
1009,1012,1013
1009,1013,1010
1010,1013,1014
1005,1007,1015
1007,1010,1016
1007,1016,1015
1015,1016,1017
1010,1014,1018
1010,1018,1016
1016,1018,1019
1016,1019,1017
1017,1019,1020
1005,1015,1006
1015,1017,1021
1015,1021,1006
1006,1021,1008
1017,1020,1022
1017,1022,1021
1021,1022,1023
1021,1023,1008
1008,1023,1011
1011,1023,1012
1023,1022,1024
1023,1024,1012
1012,1024,1013
1022,1020,1019
1022,1019,1024
1024,1019,1018
1024,1018,1013
1013,1018,1014
1025,1026,1027
1026,1028,1029
1026,1029,1027
1027,1029,1030
1028,1031,1032
1028,1032,1029
1029,1032,1033
1029,1033,1030
1030,1033,1034
1025,1027,1035
1027,1030,1036
1027,1036,1035
1035,1036,1037
1030,1034,1038
1030,1038,1036
1036,1038,1039
1036,1039,1037
1037,1039,1040
1025,1035,1026
1035,1037,1041
1035,1041,1026
1026,1041,1028
1037,1040,1042
1037,1042,1041
1041,1042,1043
1041,1043,1028
1028,1043,1031
1031,1043,1032
1043,1042,1044
1043,1044,1032
1032,1044,1033
1042,1040,1039
1042,1039,1044
1044,1039,1038
1044,1038,1033
1033,1038,1034
1045,1046,1047
1046,1048,1049
1046,1049,1047
1047,1049,1050
1048,1051,1052
1048,1052,1049
1049,1052,1053
1049,1053,1050
1050,1053,1054
1045,1047,1055
1047,1050,1056
1047,1056,1055
1055,1056,1057
1050,1054,1058
1050,1058,1056
1056,1058,1059
1056,1059,1057
1057,1059,1060
1045,1055,1046
1055,1057,1061
1055,1061,1046
1046,1061,1048
1057,1060,1062
1057,1062,1061
1061,1062,1063
1061,1063,1048
1048,1063,1051
1051,1063,1052
1063,1062,1064
1063,1064,1052
1052,1064,1053
1062,1060,1059
1062,1059,1064
1064,1059,1058
1064,1058,1053
1053,1058,1054
1065,1066,1067
1066,1068,1069
1066,1069,1067
1067,1069,1070
1068,1071,1072
1068,1072,1069
1069,1072,1073
1069,1073,1070
1070,1073,1074
1065,1067,1075
1067,1070,1076
1067,1076,1075
1075,1076,1077
1070,1074,1078
1070,1078,1076
1076,1078,1079
1076,1079,1077
1077,1079,1080
1065,1075,1066
1075,1077,1081
1075,1081,1066
1066,1081,1068
1077,1080,1082
1077,1082,1081
1081,1082,1083
1081,1083,1068
1068,1083,1071
1071,1083,1072
1083,1082,1084
1083,1084,1072
1072,1084,1073
1082,1080,1079
1082,1079,1084
1084,1079,1078
1084,1078,1073
1073,1078,1074
1085,1086,1087
1086,1088,1089
1086,1089,1087
1087,1089,1090
1088,1091,1092
1088,1092,1089
1089,1092,1093
1089,1093,1090
1090,1093,1094
1085,1087,1095
1087,1090,1096
1087,1096,1095
1095,1096,1097
1090,1094,1098
1090,1098,1096
1096,1098,1099
1096,1099,1097
1097,1099,1100
1085,1095,1086
1095,1097,1101
1095,1101,1086
1086,1101,1088
1097,1100,1102
1097,1102,1101
1101,1102,1103
1101,1103,1088
1088,1103,1091
1091,1103,1092
1103,1102,1104
1103,1104,1092
1092,1104,1093
1102,1100,1099
1102,1099,1104
1104,1099,1098
1104,1098,1093
1093,1098,1094
1105,1106,1107
1106,1108,1109
1106,1109,1107
1107,1109,1110
1108,1111,1112
1108,1112,1109
1109,1112,1113
1109,1113,1110
1110,1113,1114
1105,1107,1115
1107,1110,1116
1107,1116,1115
1115,1116,1117
1110,1114,1118
1110,1118,1116
1116,1118,1119
1116,1119,1117
1117,1119,1120
1105,1115,1106
1115,1117,1121
1115,1121,1106
1106,1121,1108
1117,1120,1122
1117,1122,1121
1121,1122,1123
1121,1123,1108
1108,1123,1111
1111,1123,1112
1123,1122,1124
1123,1124,1112
1112,1124,1113
1122,1120,1119
1122,1119,1124
1124,1119,1118
1124,1118,1113
1113,1118,1114
1125,1126,1127
1126,1128,1129
1126,1129,1127
1127,1129,1130
1128,1131,1132
1128,1132,1129
1129,1132,1133
1129,1133,1130
1130,1133,1134
1125,1127,1135
1127,1130,1136
1127,1136,1135
1135,1136,1137
1130,1134,1138
1130,1138,1136
1136,1138,1139
1136,1139,1137
1137,1139,1140
1125,1135,1126
1135,1137,1141
1135,1141,1126
1126,1141,1128
1137,1140,1142
1137,1142,1141
1141,1142,1143
1141,1143,1128
1128,1143,1131
1131,1143,1132
1143,1142,1144
1143,1144,1132
1132,1144,1133
1142,1140,1139
1142,1139,1144
1144,1139,1138
1144,1138,1133
1133,1138,1134
1145,1146,1147
1145,1147,1148
1146,1149,1150
1146,1150,1147
1149,1151,1152
1149,1152,1150
1151,1153,1154
1151,1154,1152
1153,1155,1156
1153,1156,1154
1155,1157,1158
1155,1158,1156
1157,1159,1160
1157,1160,1158
1159,1161,1162
1159,1162,1160
1161,1163,1164
1161,1164,1162
1163,1165,1166
1163,1166,1164
1165,1167,1168
1165,1168,1166
1167,1169,1170
1167,1170,1168
1169,1171,1172
1169,1172,1170
1171,1173,1174
1171,1174,1172
1173,1175,1176
1173,1176,1174
1175,1177,1178
1175,1178,1176
1177,1179,1180
1177,1180,1178
1179,1181,1182
1179,1182,1180
1181,1183,1184
1181,1184,1182
1183,1185,1186
1183,1186,1184
1185,1187,1188
1185,1188,1186
1187,1189,1190
1187,1190,1188
1189,1191,1192
1189,1192,1190
1191,1193,1194
1191,1194,1192
1193,1195,1196
1193,1196,1194
1195,1197,1198
1195,1198,1196
1197,1199,1200
1197,1200,1198
1199,1201,1202
1199,1202,1200
1201,1203,1204
1201,1204,1202
1203,1205,1206
1203,1206,1204
1205,1207,1208
1205,1208,1206
1207,1209,1210
1207,1210,1208
1209,1211,1212
1209,1212,1210
1211,1213,1214
1211,1214,1212
1213,1215,1216
1213,1216,1214
1215,1145,1148
1215,1148,1216
1148,1147,1217
1148,1217,1218
1147,1150,1219
1147,1219,1217
1154,1156,1220
1156,1158,1221
1156,1221,1220
1158,1160,1222
1158,1222,1221
1160,1162,1223
1160,1223,1222
1162,1164,1224
1162,1224,1223
1164,1166,1225
1164,1225,1224
1170,1172,1226
1170,1226,1227
1172,1174,1228
1172,1228,1226
1174,1176,1229
1174,1229,1228
1176,1178,1230
1176,1230,1229
1182,1184,1231
1182,1231,1232
1184,1186,1233
1184,1233,1231
1190,1192,1234
1192,1194,1235
1192,1235,1234
1194,1196,1236
1194,1236,1235
1196,1198,1237
1196,1237,1236
1202,1204,1238
1202,1238,1239
1204,1206,1240
1204,1240,1238
1206,1208,1241
1206,1241,1240
1208,1210,1242
1208,1242,1241
1214,1216,1243
1214,1243,1244
1216,1148,1218
1216,1218,1243
1218,1217,1245
1218,1245,1246
1217,1219,1247
1217,1247,1245
1219,1248,1247
1220,1221,1249
1220,1249,1250
1221,1222,1251
1221,1251,1249
1222,1223,1252
1222,1252,1251
1223,1224,1253
1223,1253,1252
1224,1225,1254
1224,1254,1253
1225,1255,1254
1227,1226,1256
1227,1256,1257
1226,1228,1258
1226,1258,1256
1228,1229,1259
1228,1259,1258
1229,1230,1260
1229,1260,1259
1230,1261,1260
1232,1231,1262
1232,1262,1263
1231,1233,1264
1231,1264,1262
1233,1265,1264
1234,1235,1266
1234,1266,1267
1235,1236,1268
1235,1268,1266
1236,1237,1269
1236,1269,1268
1239,1238,1270
1239,1270,1271
1238,1240,1272
1238,1272,1270
1240,1241,1273
1240,1273,1272
1241,1242,1274
1241,1274,1273
1242,1275,1274
1244,1243,1276
1244,1276,1277
1243,1218,1246
1243,1246,1276
1246,1245,1278
1246,1278,1279
1245,1247,1280
1245,1280,1278
1247,1248,1281
1247,1281,1280
1248,1282,1283
1248,1283,1281
1282,1250,1284
1282,1284,1283
1250,1249,1285
1250,1285,1284
1249,1251,1286
1249,1286,1285
1251,1252,1287
1251,1287,1286
1252,1253,1288
1252,1288,1287
1253,1254,1289
1253,1289,1288
1254,1255,1290
1254,1290,1289
1255,1257,1291
1255,1291,1290
1257,1256,1292
1257,1292,1291
1256,1258,1293
1256,1293,1292
1258,1259,1294
1258,1294,1293
1259,1260,1295
1259,1295,1294
1260,1261,1296
1260,1296,1295
1261,1263,1297
1261,1297,1296
1263,1262,1298
1263,1298,1297
1262,1264,1299
1262,1299,1298
1264,1265,1300
1264,1300,1299
1265,1301,1302
1265,1302,1300
1301,1267,1303
1301,1303,1302
1267,1266,1304
1267,1304,1303
1266,1268,1305
1266,1305,1304
1268,1269,1306
1268,1306,1305
1269,1307,1308
1269,1308,1306
1307,1271,1309
1307,1309,1308
1271,1270,1310
1271,1310,1309
1270,1272,1311
1270,1311,1310
1272,1273,1312
1272,1312,1311
1273,1274,1313
1273,1313,1312
1274,1275,1314
1274,1314,1313
1275,1277,1315
1275,1315,1314
1277,1276,1316
1277,1316,1315
1276,1246,1279
1276,1279,1316
1279,1278,1317
1279,1317,1318
1278,1280,1319
1278,1319,1317
1280,1281,1320
1280,1320,1319
1281,1283,1321
1281,1321,1320
1283,1284,1322
1283,1322,1321
1284,1285,1323
1284,1323,1322
1285,1286,1324
1285,1324,1323
1286,1287,1325
1286,1325,1324
1287,1288,1326
1287,1326,1325
1288,1289,1327
1288,1327,1326
1289,1290,1328
1289,1328,1327
1290,1291,1329
1290,1329,1328
1291,1292,1330
1291,1330,1329
1292,1293,1331
1292,1331,1330
1293,1294,1332
1293,1332,1331
1294,1295,1333
1294,1333,1332
1295,1296,1334
1295,1334,1333
1296,1297,1335
1296,1335,1334
1297,1298,1336
1297,1336,1335
1298,1299,1337
1298,1337,1336
1299,1300,1338
1299,1338,1337
1300,1302,1339
1300,1339,1338
1302,1303,1340
1302,1340,1339
1303,1304,1341
1303,1341,1340
1304,1305,1342
1304,1342,1341
1305,1306,1343
1305,1343,1342
1306,1308,1344
1306,1344,1343
1308,1309,1345
1308,1345,1344
1309,1310,1346
1309,1346,1345
1310,1311,1347
1310,1347,1346
1311,1312,1348
1311,1348,1347
1312,1313,1349
1312,1349,1348
1313,1314,1350
1313,1350,1349
1314,1315,1351
1314,1351,1350
1315,1316,1352
1315,1352,1351
1316,1279,1318
1316,1318,1352
1319,1320,1353
1319,1353,1354
1323,1324,1355
1323,1355,1356
1327,1328,1357
1327,1357,1358
1331,1332,1359
1331,1359,1360
1335,1336,1361
1335,1361,1362
1339,1340,1363
1339,1363,1364
1343,1344,1365
1343,1365,1366
1347,1348,1367
1347,1367,1368
1351,1352,1369
1351,1369,1370
1371,1372,1373
1371,1374,1372
1373,1375,1376
1373,1372,1375
1376,1377,1378
1376,1375,1377
1378,1379,1380
1378,1377,1379
1380,1381,1382
1380,1379,1381
1382,1383,1384
1382,1381,1383
1384,1385,1386
1384,1383,1385
1386,1387,1388
1386,1385,1387
1388,1389,1390
1388,1387,1389
1390,1391,1392
1390,1389,1391
1392,1393,1394
1392,1391,1393
1394,1395,1396
1394,1393,1395
1396,1397,1398
1396,1395,1397
1398,1399,1400
1398,1397,1399
1400,1401,1402
1400,1399,1401
1402,1403,1404
1402,1401,1403
1404,1405,1406
1404,1403,1405
1406,1407,1408
1406,1405,1407
1408,1409,1410
1408,1407,1409
1410,1411,1412
1410,1409,1411
1412,1413,1414
1412,1411,1413
1414,1415,1416
1414,1413,1415
1416,1417,1418
1416,1415,1417
1418,1419,1420
1418,1417,1419
1420,1421,1422
1420,1419,1421
1422,1423,1424
1422,1421,1423
1424,1425,1426
1424,1423,1425
1426,1427,1428
1426,1425,1427
1428,1429,1430
1428,1427,1429
1430,1431,1432
1430,1429,1431
1432,1433,1434
1432,1431,1433
1434,1435,1436
1434,1433,1435
1436,1437,1438
1436,1435,1437
1438,1439,1440
1438,1437,1439
1440,1441,1442
1440,1439,1441
1442,1374,1371
1442,1441,1374
1328,1329,1443
1328,1443,1444
1328,1444,1357
1329,1445,1443
1329,1330,1445
1330,1446,1445
1330,1331,1447
1331,1360,1447
1446,1330,1447
1447,1360,1448
1332,1333,1449
1332,1449,1450
1332,1450,1359
1333,1451,1449
1333,1334,1451
1334,1452,1451
1334,1335,1453
1335,1362,1453
1452,1334,1453
1453,1362,1454
1336,1337,1455
1336,1455,1456
1336,1456,1361
1337,1457,1455
1337,1338,1457
1338,1458,1457
1338,1339,1459
1339,1364,1459
1458,1338,1459
1459,1364,1460
1340,1341,1461
1340,1461,1462
1340,1462,1363
1341,1463,1461
1341,1342,1463
1342,1464,1463
1342,1343,1465
1343,1366,1465
1464,1342,1465
1465,1366,1466
1344,1345,1467
1344,1467,1468
1344,1468,1365
1345,1469,1467
1345,1346,1469
1346,1470,1469
1346,1347,1471
1347,1368,1471
1470,1346,1471
1471,1368,1472
1348,1349,1473
1348,1473,1474
1348,1474,1367
1349,1475,1473
1349,1350,1475
1350,1476,1475
1350,1351,1477
1351,1370,1477
1476,1350,1477
1477,1370,1478
1318,1317,1479
1317,1480,1479
1318,1479,1352
1317,1319,1481
1319,1354,1481
1480,1317,1481
1481,1354,1482
1352,1479,1483
1352,1483,1484
1352,1484,1369
1320,1321,1485
1320,1485,1486
1320,1486,1353
1321,1487,1485
1321,1322,1487
1322,1488,1487
1322,1323,1489
1323,1356,1489
1488,1322,1489
1489,1356,1490
1324,1325,1491
1324,1491,1492
1324,1492,1355
1325,1493,1491
1325,1326,1493
1326,1494,1493
1326,1327,1495
1327,1358,1495
1494,1326,1495
1495,1358,1496
1166,1168,1497
1168,1498,1497
1499,1166,1497
1166,1499,1225
1168,1170,1500
1170,1227,1500
1168,1500,1498
1501,1227,1257
1500,1227,1501
1502,1255,1503
1255,1502,1257
1225,1499,1504
1255,1225,1504
1255,1504,1505
1255,1505,1506
1255,1506,1507
1255,1507,1508
1255,1508,1509
1509,1503,1255
1257,1510,1511
1257,1511,1512
1257,1512,1513
1257,1513,1514
1501,1257,1514
1257,1502,1515
1257,1515,1510
1178,1180,1516
1180,1517,1516
1518,1178,1516
1178,1518,1230
1180,1182,1519
1182,1232,1519
1180,1519,1517
1520,1232,1263
1519,1232,1520
1230,1518,1521
1261,1230,1521
1261,1521,1522
1261,1522,1523
1261,1523,1524
1261,1524,1525
1261,1525,1526
1261,1526,1527
1261,1527,1263
1263,1528,1529
1263,1529,1530
1263,1530,1531
1263,1531,1532
1520,1263,1532
1263,1533,1534
1263,1527,1533
1263,1534,1528
1186,1188,1535
1188,1536,1535
1186,1535,1537
1186,1537,1233
1190,1538,1188
1536,1188,1538
1539,1234,1267
1540,1234,1539
1190,1234,1540
1538,1190,1540
1233,1537,1541
1265,1233,1541
1265,1541,1542
1543,1265,1542
1265,1543,1301
1301,1544,1545
1301,1545,1546
1301,1546,1547
1301,1547,1548
1301,1548,1267
1301,1549,1550
1550,1544,1301
1301,1543,1551
1301,1551,1552
1301,1552,1549
1267,1553,1554
1539,1267,1554
1267,1548,1555
1267,1555,1553
1200,1556,1198
1557,1198,1556
1237,1198,1557
1237,1557,1558
1200,1202,1559
1202,1239,1559
1559,1239,1560
1560,1239,1271
1559,1556,1200
1307,1561,1562
1307,1562,1563
1307,1563,1564
1307,1564,1271
1565,1237,1558
1237,1565,1269
1566,1307,1567
1567,1307,1269
1307,1566,1568
1307,1568,1569
1569,1561,1307
1269,1565,1570
1269,1570,1567
1271,1571,1572
1271,1572,1573
1560,1271,1573
1271,1564,1574
1271,1574,1571
1212,1575,1210
1576,1210,1575
1242,1210,1576
1577,1242,1576
1212,1214,1578
1214,1244,1578
1212,1578,1575
1579,1244,1277
1578,1244,1579
1580,1275,1581
1275,1580,1277
1242,1577,1582
1275,1242,1582
1275,1582,1583
1275,1583,1584
1275,1584,1585
1275,1585,1586
1275,1586,1587
1587,1581,1275
1277,1588,1589
1277,1589,1590
1277,1590,1591
1277,1591,1592
1579,1277,1592
1277,1580,1593
1277,1593,1588
1150,1152,1594
1152,1595,1594
1150,1594,1596
1150,1596,1219
1154,1597,1152
1595,1152,1597
1598,1220,1250
1599,1220,1598
1154,1220,1599
1597,1154,1599
1219,1596,1600
1248,1219,1600
1248,1600,1601
1248,1601,1602
1248,1602,1282
1282,1603,1604
1282,1604,1605
1282,1605,1606
1282,1606,1607
1608,1282,1607
1282,1608,1250
1282,1609,1610
1610,1603,1282
1282,1602,1611
1282,1611,1612
1282,1612,1609
1250,1613,1614
1598,1250,1614
1250,1608,1613
1615,1616,1617
1615,1617,1618
1616,1619,1620
1616,1620,1617
1621,1622,1623
1622,1624,1625
1622,1625,1623
1624,1626,1627
1624,1627,1625
1626,1628,1629
1626,1629,1627
1628,1630,1631
1628,1631,1629
1630,1632,1633
1630,1633,1631
1634,1635,1636
1634,1636,1637
1635,1638,1639
1635,1639,1636
1638,1640,1641
1638,1641,1639
1640,1642,1643
1640,1643,1641
1644,1645,1646
1644,1646,1647
1645,1648,1649
1645,1649,1646
1650,1651,1652
1651,1653,1654
1651,1654,1652
1653,1655,1656
1653,1656,1654
1655,1657,1658
1655,1658,1656
1659,1660,1661
1659,1661,1662
1660,1663,1664
1660,1664,1661
1663,1665,1666
1663,1666,1664
1665,1667,1668
1665,1668,1666
1669,1670,1671
1669,1671,1672
1670,1615,1618
1670,1618,1671
1618,1617,1673
1618,1673,1674
1617,1620,1675
1617,1675,1673
1620,1676,1675
1623,1625,1677
1623,1677,1678
1625,1627,1679
1625,1679,1677
1627,1629,1680
1627,1680,1679
1629,1631,1681
1629,1681,1680
1631,1633,1682
1631,1682,1681
1633,1683,1682
1637,1636,1684
1637,1684,1685
1636,1639,1686
1636,1686,1684
1639,1641,1687
1639,1687,1686
1641,1643,1688
1641,1688,1687
1643,1689,1688
1647,1646,1690
1647,1690,1691
1646,1649,1692
1646,1692,1690
1649,1693,1692
1652,1654,1694
1652,1694,1695
1654,1656,1696
1654,1696,1694
1656,1658,1697
1656,1697,1696
1662,1661,1698
1662,1698,1699
1661,1664,1700
1661,1700,1698
1664,1666,1701
1664,1701,1700
1666,1668,1702
1666,1702,1701
1668,1703,1702
1672,1671,1704
1672,1704,1705
1671,1618,1674
1671,1674,1704
1674,1673,1706
1674,1706,1707
1673,1675,1708
1673,1708,1706
1675,1676,1709
1675,1709,1708
1676,1710,1711
1676,1711,1709
1710,1678,1712
1710,1712,1711
1678,1677,1713
1678,1713,1712
1677,1679,1714
1677,1714,1713
1679,1680,1715
1679,1715,1714
1680,1681,1716
1680,1716,1715
1681,1682,1717
1681,1717,1716
1682,1683,1718
1682,1718,1717
1683,1685,1719
1683,1719,1718
1685,1684,1720
1685,1720,1719
1684,1686,1721
1684,1721,1720
1686,1687,1722
1686,1722,1721
1687,1688,1723
1687,1723,1722
1688,1689,1724
1688,1724,1723
1689,1691,1725
1689,1725,1724
1691,1690,1726
1691,1726,1725
1690,1692,1727
1690,1727,1726
1692,1693,1728
1692,1728,1727
1693,1729,1730
1693,1730,1728
1729,1695,1731
1729,1731,1730
1695,1694,1732
1695,1732,1731
1694,1696,1733
1694,1733,1732
1696,1697,1734
1696,1734,1733
1697,1735,1736
1697,1736,1734
1735,1699,1737
1735,1737,1736
1699,1698,1738
1699,1738,1737
1698,1700,1739
1698,1739,1738
1700,1701,1740
1700,1740,1739
1701,1702,1741
1701,1741,1740
1702,1703,1742
1702,1742,1741
1703,1705,1743
1703,1743,1742
1705,1704,1744
1705,1744,1743
1704,1674,1707
1704,1707,1744
1707,1706,1745
1707,1745,1746
1706,1708,1747
1706,1747,1745
1708,1709,1748
1708,1748,1747
1709,1711,1749
1709,1749,1748
1711,1712,1750
1711,1750,1749
1712,1713,1751
1712,1751,1750
1713,1714,1752
1713,1752,1751
1714,1715,1753
1714,1753,1752
1715,1716,1754
1715,1754,1753
1716,1717,1755
1716,1755,1754
1717,1718,1756
1717,1756,1755
1718,1719,1757
1718,1757,1756
1719,1720,1758
1719,1758,1757
1720,1721,1759
1720,1759,1758
1721,1722,1760
1721,1760,1759
1722,1723,1761
1722,1761,1760
1723,1724,1762
1723,1762,1761
1724,1725,1763
1724,1763,1762
1725,1726,1764
1725,1764,1763
1726,1727,1765
1726,1765,1764
1727,1728,1766
1727,1766,1765
1728,1730,1767
1728,1767,1766
1730,1731,1768
1730,1768,1767
1731,1732,1769
1731,1769,1768
1732,1733,1770
1732,1770,1769
1733,1734,1771
1733,1771,1770
1734,1736,1772
1734,1772,1771
1736,1737,1773
1736,1773,1772
1737,1738,1774
1737,1774,1773
1738,1739,1775
1738,1775,1774
1739,1740,1776
1739,1776,1775
1740,1741,1777
1740,1777,1776
1741,1742,1778
1741,1778,1777
1742,1743,1779
1742,1779,1778
1743,1744,1780
1743,1780,1779
1744,1707,1746
1744,1746,1780
1747,1748,1781
1747,1781,1782
1751,1752,1783
1751,1783,1784
1755,1756,1785
1755,1785,1786
1759,1760,1787
1759,1787,1788
1763,1764,1789
1763,1789,1790
1767,1768,1791
1767,1791,1792
1771,1772,1793
1771,1793,1794
1775,1776,1795
1775,1795,1796
1779,1780,1797
1779,1797,1798
1799,1800,1801
1799,1802,1800
1801,1803,1804
1801,1800,1803
1804,1805,1806
1804,1803,1805
1806,1807,1808
1806,1805,1807
1808,1809,1810
1808,1807,1809
1810,1811,1812
1810,1809,1811
1812,1813,1814
1812,1811,1813
1814,1815,1816
1814,1813,1815
1816,1817,1818
1816,1815,1817
1818,1819,1820
1818,1817,1819
1820,1821,1822
1820,1819,1821
1822,1823,1824
1822,1821,1823
1824,1825,1826
1824,1823,1825
1826,1827,1828
1826,1825,1827
1828,1829,1830
1828,1827,1829
1830,1831,1832
1830,1829,1831
1832,1833,1834
1832,1831,1833
1834,1835,1836
1834,1833,1835
1836,1837,1838
1836,1835,1837
1838,1839,1840
1838,1837,1839
1840,1841,1842
1840,1839,1841
1842,1843,1844
1842,1841,1843
1844,1845,1846
1844,1843,1845
1846,1847,1848
1846,1845,1847
1848,1849,1850
1848,1847,1849
1850,1851,1852
1850,1849,1851
1852,1853,1854
1852,1851,1853
1854,1855,1856
1854,1853,1855
1856,1857,1858
1856,1855,1857
1858,1859,1860
1858,1857,1859
1860,1861,1862
1860,1859,1861
1862,1863,1864
1862,1861,1863
1864,1865,1866
1864,1863,1865
1866,1867,1868
1866,1865,1867
1868,1869,1870
1868,1867,1869
1870,1802,1799
1870,1869,1802
1756,1757,1871
1756,1871,1872
1756,1872,1785
1757,1873,1871
1757,1758,1873
1758,1874,1873
1758,1759,1875
1759,1788,1875
1874,1758,1875
1875,1788,1876
1760,1761,1877
1760,1877,1878
1760,1878,1787
1761,1879,1877
1761,1762,1879
1762,1880,1879
1762,1763,1881
1763,1790,1881
1880,1762,1881
1881,1790,1882
1764,1765,1883
1764,1883,1884
1764,1884,1789
1765,1885,1883
1765,1766,1885
1766,1886,1885
1766,1767,1887
1767,1792,1887
1886,1766,1887
1887,1792,1888
1768,1769,1889
1768,1889,1890
1768,1890,1791
1769,1891,1889
1769,1770,1891
1770,1892,1891
1770,1771,1893
1771,1794,1893
1892,1770,1893
1893,1794,1894
1772,1773,1895
1772,1895,1896
1772,1896,1793
1773,1897,1895
1773,1774,1897
1774,1898,1897
1774,1775,1899
1775,1796,1899
1898,1774,1899
1899,1796,1900
1776,1777,1901
1776,1901,1902
1776,1902,1795
1777,1903,1901
1777,1778,1903
1778,1904,1903
1778,1779,1905
1779,1798,1905
1904,1778,1905
1905,1798,1906
1746,1745,1907
1745,1908,1907
1746,1907,1780
1745,1747,1909
1747,1782,1909
1908,1745,1909
1909,1782,1910
1780,1907,1911
1780,1911,1912
1780,1912,1797
1748,1749,1913
1748,1913,1914
1748,1914,1781
1749,1915,1913
1749,1750,1915
1750,1916,1915
1750,1751,1917
1751,1784,1917
1916,1750,1917
1917,1784,1918
1752,1753,1919
1752,1919,1920
1752,1920,1783
1753,1921,1919
1753,1754,1921
1754,1922,1921
1754,1755,1923
1755,1786,1923
1922,1754,1923
1923,1786,1924
1632,1925,1926
1925,1927,1926
1928,1632,1926
1632,1928,1633
1925,1634,1929
1634,1637,1929
1925,1929,1927
1930,1637,1685
1929,1637,1930
1931,1683,1932
1683,1931,1685
1633,1928,1933
1683,1633,1933
1683,1933,1934
1683,1934,1935
1683,1935,1936
1683,1936,1937
1683,1937,1938
1938,1932,1683
1685,1939,1940
1685,1940,1941
1685,1941,1942
1685,1942,1943
1930,1685,1943
1685,1931,1944
1685,1944,1939
1642,1945,1946
1945,1947,1946
1948,1642,1946
1642,1948,1643
1945,1644,1949
1644,1647,1949
1945,1949,1947
1950,1647,1691
1949,1647,1950
1643,1948,1951
1689,1643,1951
1689,1951,1952
1689,1952,1953
1689,1953,1954
1689,1954,1955
1689,1955,1956
1689,1956,1957
1689,1957,1691
1691,1958,1959
1691,1959,1960
1691,1960,1961
1691,1961,1962
1950,1691,1962
1691,1963,1964
1691,1957,1963
1691,1964,1958
1648,1965,1966
1965,1967,1966
1648,1966,1968
1648,1968,1649
1650,1969,1965
1967,1965,1969
1970,1652,1695
1971,1652,1970
1650,1652,1971
1969,1650,1971
1649,1968,1972
1693,1649,1972
1693,1972,1973
1974,1693,1973
1693,1974,1729
1729,1975,1976
1729,1976,1977
1729,1977,1978
1729,1978,1979
1729,1979,1695
1729,1980,1981
1981,1975,1729
1729,1974,1982
1729,1982,1983
1729,1983,1980
1695,1984,1985
1970,1695,1985
1695,1979,1986
1695,1986,1984
1987,1988,1657
1989,1657,1988
1658,1657,1989
1658,1989,1990
1987,1659,1991
1659,1662,1991
1991,1662,1992
1992,1662,1699
1991,1988,1987
1735,1993,1994
1735,1994,1995
1735,1995,1996
1735,1996,1699
1997,1658,1990
1658,1997,1697
1998,1735,1999
1999,1735,1697
1735,1998,2000
1735,2000,2001
2001,1993,1735
1697,1997,2002
1697,2002,1999
1699,2003,2004
1699,2004,2005
1992,1699,2005
1699,1996,2006
1699,2006,2003
2007,2008,1667
2009,1667,2008
1668,1667,2009
2010,1668,2009
2007,1669,2011
1669,1672,2011
2007,2011,2008
2012,1672,1705
2011,1672,2012
2013,1703,2014
1703,2013,1705
1668,2010,2015
1703,1668,2015
1703,2015,2016
1703,2016,2017
1703,2017,2018
1703,2018,2019
1703,2019,2020
2020,2014,1703
1705,2021,2022
1705,2022,2023
1705,2023,2024
1705,2024,2025
2012,1705,2025
1705,2013,2026
1705,2026,2021
1619,2027,2028
2027,2029,2028
1619,2028,2030
1619,2030,1620
1621,2031,2027
2029,2027,2031
2032,1623,1678
2033,1623,2032
1621,1623,2033
2031,1621,2033
1620,2030,2034
1676,1620,2034
1676,2034,2035
1676,2035,2036
1676,2036,1710
1710,2037,2038
1710,2038,2039
1710,2039,2040
1710,2040,2041
2042,1710,2041
1710,2042,1678
1710,2043,2044
2044,2037,1710
1710,2036,2045
1710,2045,2046
1710,2046,2043
1678,2047,2048
2032,1678,2048
1678,2042,2047
2049,2050,2051
2049,2051,2052
2050,2053,2054
2050,2054,2051
2053,2055,2056
2053,2056,2054
2055,2057,2058
2055,2058,2056
2057,2059,2060
2057,2060,2058
2059,2061,2062
2059,2062,2060
2061,2063,2064
2061,2064,2062
2063,2065,2066
2063,2066,2064
2065,2067,2068
2065,2068,2066
2067,2069,2070
2067,2070,2068
2069,2071,2072
2069,2072,2070
2071,2073,2074
2071,2074,2072
2073,2075,2076
2073,2076,2074
2075,2077,2078
2075,2078,2076
2077,2079,2080
2077,2080,2078
2079,2081,2082
2079,2082,2080
2081,2083,2084
2081,2084,2082
2083,2085,2086
2083,2086,2084
2085,2087,2088
2085,2088,2086
2087,2089,2090
2087,2090,2088
2089,2091,2092
2089,2092,2090
2091,2093,2094
2091,2094,2092
2093,2095,2096
2093,2096,2094
2095,2097,2098
2095,2098,2096
2097,2099,2100
2097,2100,2098
2099,2101,2102
2099,2102,2100
2101,2103,2104
2101,2104,2102
2103,2105,2106
2103,2106,2104
2105,2107,2108
2105,2108,2106
2107,2109,2110
2107,2110,2108
2109,2111,2112
2109,2112,2110
2111,2113,2114
2111,2114,2112
2113,2115,2116
2113,2116,2114
2115,2117,2118
2115,2118,2116
2117,2119,2120
2117,2120,2118
2119,2049,2052
2119,2052,2120
2052,2051,2121
2052,2121,2122
2051,2054,2123
2051,2123,2121
2058,2060,2124
2060,2062,2125
2060,2125,2124
2062,2064,2126
2062,2126,2125
2064,2066,2127
2064,2127,2126
2066,2068,2128
2066,2128,2127
2068,2070,2129
2068,2129,2128
2074,2076,2130
2074,2130,2131
2076,2078,2132
2076,2132,2130
2078,2080,2133
2078,2133,2132
2080,2082,2134
2080,2134,2133
2086,2088,2135
2086,2135,2136
2088,2090,2137
2088,2137,2135
2094,2096,2138
2096,2098,2139
2096,2139,2138
2098,2100,2140
2098,2140,2139
2100,2102,2141
2100,2141,2140
2106,2108,2142
2106,2142,2143
2108,2110,2144
2108,2144,2142
2110,2112,2145
2110,2145,2144
2112,2114,2146
2112,2146,2145
2118,2120,2147
2118,2147,2148
2120,2052,2122
2120,2122,2147
2122,2121,2149
2122,2149,2150
2121,2123,2151
2121,2151,2149
2123,2152,2151
2124,2125,2153
2124,2153,2154
2125,2126,2155
2125,2155,2153
2126,2127,2156
2126,2156,2155
2127,2128,2157
2127,2157,2156
2128,2129,2158
2128,2158,2157
2129,2159,2158
2131,2130,2160
2131,2160,2161
2130,2132,2162
2130,2162,2160
2132,2133,2163
2132,2163,2162
2133,2134,2164
2133,2164,2163
2134,2165,2164
2136,2135,2166
2136,2166,2167
2135,2137,2168
2135,2168,2166
2137,2169,2168
2138,2139,2170
2138,2170,2171
2139,2140,2172
2139,2172,2170
2140,2141,2173
2140,2173,2172
2143,2142,2174
2143,2174,2175
2142,2144,2176
2142,2176,2174
2144,2145,2177
2144,2177,2176
2145,2146,2178
2145,2178,2177
2146,2179,2178
2148,2147,2180
2148,2180,2181
2147,2122,2150
2147,2150,2180
2150,2149,2182
2150,2182,2183
2149,2151,2184
2149,2184,2182
2151,2152,2185
2151,2185,2184
2152,2186,2187
2152,2187,2185
2186,2154,2188
2186,2188,2187
2154,2153,2189
2154,2189,2188
2153,2155,2190
2153,2190,2189
2155,2156,2191
2155,2191,2190
2156,2157,2192
2156,2192,2191
2157,2158,2193
2157,2193,2192
2158,2159,2194
2158,2194,2193
2159,2161,2195
2159,2195,2194
2161,2160,2196
2161,2196,2195
2160,2162,2197
2160,2197,2196
2162,2163,2198
2162,2198,2197
2163,2164,2199
2163,2199,2198
2164,2165,2200
2164,2200,2199
2165,2167,2201
2165,2201,2200
2167,2166,2202
2167,2202,2201
2166,2168,2203
2166,2203,2202
2168,2169,2204
2168,2204,2203
2169,2205,2206
2169,2206,2204
2205,2171,2207
2205,2207,2206
2171,2170,2208
2171,2208,2207
2170,2172,2209
2170,2209,2208
2172,2173,2210
2172,2210,2209
2173,2211,2212
2173,2212,2210
2211,2175,2213
2211,2213,2212
2175,2174,2214
2175,2214,2213
2174,2176,2215
2174,2215,2214
2176,2177,2216
2176,2216,2215
2177,2178,2217
2177,2217,2216
2178,2179,2218
2178,2218,2217
2179,2181,2219
2179,2219,2218
2181,2180,2220
2181,2220,2219
2180,2150,2183
2180,2183,2220
2183,2182,2221
2183,2221,2222
2182,2184,2223
2182,2223,2221
2184,2185,2224
2184,2224,2223
2185,2187,2225
2185,2225,2224
2187,2188,2226
2187,2226,2225
2188,2189,2227
2188,2227,2226
2189,2190,2228
2189,2228,2227
2190,2191,2229
2190,2229,2228
2191,2192,2230
2191,2230,2229
2192,2193,2231
2192,2231,2230
2193,2194,2232
2193,2232,2231
2194,2195,2233
2194,2233,2232
2195,2196,2234
2195,2234,2233
2196,2197,2235
2196,2235,2234
2197,2198,2236
2197,2236,2235
2198,2199,2237
2198,2237,2236
2199,2200,2238
2199,2238,2237
2200,2201,2239
2200,2239,2238
2201,2202,2240
2201,2240,2239
2202,2203,2241
2202,2241,2240
2203,2204,2242
2203,2242,2241
2204,2206,2243
2204,2243,2242
2206,2207,2244
2206,2244,2243
2207,2208,2245
2207,2245,2244
2208,2209,2246
2208,2246,2245
2209,2210,2247
2209,2247,2246
2210,2212,2248
2210,2248,2247
2212,2213,2249
2212,2249,2248
2213,2214,2250
2213,2250,2249
2214,2215,2251
2214,2251,2250
2215,2216,2252
2215,2252,2251
2216,2217,2253
2216,2253,2252
2217,2218,2254
2217,2254,2253
2218,2219,2255
2218,2255,2254
2219,2220,2256
2219,2256,2255
2220,2183,2222
2220,2222,2256
2223,2224,2257
2223,2257,2258
2227,2228,2259
2227,2259,2260
2231,2232,2261
2231,2261,2262
2235,2236,2263
2235,2263,2264
2239,2240,2265
2239,2265,2266
2243,2244,2267
2243,2267,2268
2247,2248,2269
2247,2269,2270
2251,2252,2271
2251,2271,2272
2255,2256,2273
2255,2273,2274
2275,2276,2277
2275,2278,2276
2277,2279,2280
2277,2276,2279
2280,2281,2282
2280,2279,2281
2282,2283,2284
2282,2281,2283
2284,2285,2286
2284,2283,2285
2286,2287,2288
2286,2285,2287
2288,2289,2290
2288,2287,2289
2290,2291,2292
2290,2289,2291
2292,2293,2294
2292,2291,2293
2294,2295,2296
2294,2293,2295
2296,2297,2298
2296,2295,2297
2298,2299,2300
2298,2297,2299
2300,2301,2302
2300,2299,2301
2302,2303,2304
2302,2301,2303
2304,2305,2306
2304,2303,2305
2306,2307,2308
2306,2305,2307
2308,2309,2310
2308,2307,2309
2310,2311,2312
2310,2309,2311
2312,2313,2314
2312,2311,2313
2314,2315,2316
2314,2313,2315
2316,2317,2318
2316,2315,2317
2318,2319,2320
2318,2317,2319
2320,2321,2322
2320,2319,2321
2322,2323,2324
2322,2321,2323
2324,2325,2326
2324,2323,2325
2326,2327,2328
2326,2325,2327
2328,2329,2330
2328,2327,2329
2330,2331,2332
2330,2329,2331
2332,2333,2334
2332,2331,2333
2334,2335,2336
2334,2333,2335
2336,2337,2338
2336,2335,2337
2338,2339,2340
2338,2337,2339
2340,2341,2342
2340,2339,2341
2342,2343,2344
2342,2341,2343
2344,2345,2346
2344,2343,2345
2346,2278,2275
2346,2345,2278
2232,2233,2347
2232,2347,2348
2232,2348,2261
2233,2349,2347
2233,2234,2349
2234,2350,2349
2234,2235,2351
2235,2264,2351
2350,2234,2351
2351,2264,2352
2236,2237,2353
2236,2353,2354
2236,2354,2263
2237,2355,2353
2237,2238,2355
2238,2356,2355
2238,2239,2357
2239,2266,2357
2356,2238,2357
2357,2266,2358
2240,2241,2359
2240,2359,2360
2240,2360,2265
2241,2361,2359
2241,2242,2361
2242,2362,2361
2242,2243,2363
2243,2268,2363
2362,2242,2363
2363,2268,2364
2244,2245,2365
2244,2365,2366
2244,2366,2267
2245,2367,2365
2245,2246,2367
2246,2368,2367
2246,2247,2369
2247,2270,2369
2368,2246,2369
2369,2270,2370
2248,2249,2371
2248,2371,2372
2248,2372,2269
2249,2373,2371
2249,2250,2373
2250,2374,2373
2250,2251,2375
2251,2272,2375
2374,2250,2375
2375,2272,2376
2252,2253,2377
2252,2377,2378
2252,2378,2271
2253,2379,2377
2253,2254,2379
2254,2380,2379
2254,2255,2381
2255,2274,2381
2380,2254,2381
2381,2274,2382
2222,2221,2383
2221,2384,2383
2222,2383,2256
2221,2223,2385
2223,2258,2385
2384,2221,2385
2385,2258,2386
2256,2383,2387
2256,2387,2388
2256,2388,2273
2224,2225,2389
2224,2389,2390
2224,2390,2257
2225,2391,2389
2225,2226,2391
2226,2392,2391
2226,2227,2393
2227,2260,2393
2392,2226,2393
2393,2260,2394
2228,2229,2395
2228,2395,2396
2228,2396,2259
2229,2397,2395
2229,2230,2397
2230,2398,2397
2230,2231,2399
2231,2262,2399
2398,2230,2399
2399,2262,2400
2070,2072,2401
2072,2402,2401
2403,2070,2401
2070,2403,2129
2072,2074,2404
2074,2131,2404
2072,2404,2402
2405,2131,2161
2404,2131,2405
2406,2159,2407
2159,2406,2161
2129,2403,2408
2159,2129,2408
2159,2408,2409
2159,2409,2410
2159,2410,2411
2159,2411,2412
2159,2412,2413
2413,2407,2159
2161,2414,2415
2161,2415,2416
2161,2416,2417
2161,2417,2418
2405,2161,2418
2161,2406,2419
2161,2419,2414
2082,2084,2420
2084,2421,2420
2422,2082,2420
2082,2422,2134
2084,2086,2423
2086,2136,2423
2084,2423,2421
2424,2136,2167
2423,2136,2424
2134,2422,2425
2165,2134,2425
2165,2425,2426
2165,2426,2427
2165,2427,2428
2165,2428,2429
2165,2429,2430
2165,2430,2431
2165,2431,2167
2167,2432,2433
2167,2433,2434
2167,2434,2435
2167,2435,2436
2424,2167,2436
2167,2437,2438
2167,2431,2437
2167,2438,2432
2090,2092,2439
2092,2440,2439
2090,2439,2441
2090,2441,2137
2094,2442,2092
2440,2092,2442
2443,2138,2171
2444,2138,2443
2094,2138,2444
2442,2094,2444
2137,2441,2445
2169,2137,2445
2169,2445,2446
2447,2169,2446
2169,2447,2205
2205,2448,2449
2205,2449,2450
2205,2450,2451
2205,2451,2452
2205,2452,2171
2205,2453,2454
2454,2448,2205
2205,2447,2455
2205,2455,2456
2205,2456,2453
2171,2457,2458
2443,2171,2458
2171,2452,2459
2171,2459,2457
2104,2460,2102
2461,2102,2460
2141,2102,2461
2141,2461,2462
2104,2106,2463
2106,2143,2463
2463,2143,2464
2464,2143,2175
2463,2460,2104
2211,2465,2466
2211,2466,2467
2211,2467,2468
2211,2468,2175
2469,2141,2462
2141,2469,2173
2470,2211,2471
2471,2211,2173
2211,2470,2472
2211,2472,2473
2473,2465,2211
2173,2469,2474
2173,2474,2471
2175,2475,2476
2175,2476,2477
2464,2175,2477
2175,2468,2478
2175,2478,2475
2116,2479,2114
2480,2114,2479
2146,2114,2480
2481,2146,2480
2116,2118,2482
2118,2148,2482
2116,2482,2479
2483,2148,2181
2482,2148,2483
2484,2179,2485
2179,2484,2181
2146,2481,2486
2179,2146,2486
2179,2486,2487
2179,2487,2488
2179,2488,2489
2179,2489,2490
2179,2490,2491
2491,2485,2179
2181,2492,2493
2181,2493,2494
2181,2494,2495
2181,2495,2496
2483,2181,2496
2181,2484,2497
2181,2497,2492
2054,2056,2498
2056,2499,2498
2054,2498,2500
2054,2500,2123
2058,2501,2056
2499,2056,2501
2502,2124,2154
2503,2124,2502
2058,2124,2503
2501,2058,2503
2123,2500,2504
2152,2123,2504
2152,2504,2505
2152,2505,2506
2152,2506,2186
2186,2507,2508
2186,2508,2509
2186,2509,2510
2186,2510,2511
2512,2186,2511
2186,2512,2154
2186,2513,2514
2514,2507,2186
2186,2506,2515
2186,2515,2516
2186,2516,2513
2154,2517,2518
2502,2154,2518
2154,2512,2517
2519,2520,2521
2519,2521,2522
2519,2523,2524
2519,2524,2520
2520,2524,2525
2520,2525,2521
2521,2525,2526
2521,2526,2522
2522,2526,2523
2522,2523,2519
2523,2526,2525
2523,2525,2524
2527,2528,2529
2527,2529,2530
2527,2531,2532
2527,2532,2528
2528,2532,2533
2528,2533,2529
2529,2533,2534
2529,2534,2530
2530,2534,2531
2530,2531,2527
2531,2534,2533
2531,2533,2532
2535,2536,2537
2535,2537,2538
2535,2539,2540
2535,2540,2536
2536,2540,2541
2536,2541,2537
2537,2541,2542
2537,2542,2538
2538,2542,2539
2538,2539,2535
2539,2542,2541
2539,2541,2540
2543,2544,2545
2543,2545,2546
2543,2547,2548
2543,2548,2544
2544,2548,2549
2544,2549,2545
2545,2549,2550
2545,2550,2546
2546,2550,2547
2546,2547,2543
2547,2550,2549
2547,2549,2548
2551,2552,2553
2551,2553,2554
2551,2555,2556
2551,2556,2552
2552,2556,2557
2552,2557,2553
2553,2557,2558
2553,2558,2554
2554,2558,2555
2554,2555,2551
2555,2558,2557
2555,2557,2556
2559,2560,2561
2559,2561,2562
2559,2563,2564
2559,2564,2560
2560,2564,2565
2560,2565,2561
2561,2565,2566
2561,2566,2562
2562,2566,2563
2562,2563,2559
2563,2566,2565
2563,2565,2564
2567,2568,2569
2567,2569,2570
2567,2571,2572
2567,2572,2568
2568,2572,2573
2568,2573,2569
2569,2573,2574
2569,2574,2570
2570,2574,2571
2570,2571,2567
2571,2574,2573
2571,2573,2572
2575,2576,2577
2575,2577,2578
2578,2577,2579
2578,2579,2580
2581,2582,2576
2581,2576,2575
2575,2578,2583
2575,2583,2584
2578,2580,2583
2583,2580,2585
2580,2579,2585
2579,2586,2585
2579,2587,2586
2587,2579,2577
2577,2576,2588
2577,2588,2587
2583,2585,2586
2583,2586,2587
2589,2584,2588
2589,2588,2590
2588,2584,2583
2583,2587,2588
2575,2591,2592
2584,2591,2575
2591,2584,2589
2591,2589,2593
2593,2589,2590
2594,2590,2588
2590,2594,2593
2595,2596,2576
2596,2588,2576
2594,2588,2596
2597,2592,2598
2591,2593,2594
2595,2592,2591
2591,2596,2595
2594,2596,2591
2592,2595,2598
2575,2599,2600
2592,2599,2575
2599,2592,2597
2599,2597,2601
2601,2597,2598
2598,2602,2601
2602,2598,2595
2603,2604,2576
2604,2595,2576
2602,2595,2604
2599,2601,2602
2605,2600,2603
2606,2605,2603
2603,2600,2599
2599,2604,2603
2602,2604,2599
2575,2607,2608
2600,2607,2575
2607,2600,2605
2607,2605,2609
2609,2605,2606
2576,2610,2611
2611,2606,2603
2612,2606,2611
2606,2612,2609
2611,2603,2576
2610,2608,2607
2608,2610,2613
2607,2611,2610
2611,2607,2612
2613,2610,2614
2607,2609,2612
2575,2615,2616
2608,2615,2575
2615,2608,2613
2615,2613,2617
2617,2613,2614
2614,2618,2617
2618,2614,2610
2619,2620,2576
2620,2610,2576
2620,2618,2610
2615,2617,2618
2619,2616,2615
2615,2620,2619
2621,2616,2622
2622,2616,2619
2620,2615,2618
2581,2575,2623
2575,2624,2623
2616,2624,2575
2624,2616,2621
2624,2621,2625
2626,2581,2623
2581,2626,2582
2625,2621,2622
2627,2582,2626
2622,2628,2625
2628,2622,2619
2576,2582,2629
2629,2630,2576
2630,2619,2576
2628,2619,2630
2627,2629,2582
2624,2625,2628
2629,2623,2624
2624,2630,2629
2630,2624,2628
2626,2623,2629
2626,2629,2627
2631,2632,2633
2631,2633,2634
2631,2635,2636
2631,2636,2632
2632,2636,2637
2632,2637,2633
2633,2637,2638
2633,2638,2634
2634,2638,2635
2634,2635,2631
2635,2638,2637
2635,2637,2636
2639,2640,2641
2639,2641,2642
2639,2643,2644
2639,2644,2640
2640,2644,2645
2640,2645,2641
2641,2645,2646
2641,2646,2642
2642,2646,2643
2642,2643,2639
2643,2646,2645
2643,2645,2644
2647,2648,2649
2647,2649,2650
2647,2651,2652
2647,2652,2648
2648,2652,2653
2648,2653,2649
2649,2653,2654
2649,2654,2650
2650,2654,2651
2650,2651,2647
2651,2654,2653
2651,2653,2652
2655,2656,2657
2655,2657,2658
2655,2659,2660
2655,2660,2656
2656,2660,2661
2656,2661,2657
2657,2661,2662
2657,2662,2658
2658,2662,2659
2658,2659,2655
2659,2662,2661
2659,2661,2660
2663,2664,2665
2663,2665,2666
2663,2667,2668
2663,2668,2664
2664,2668,2669
2664,2669,2665
2665,2669,2670
2665,2670,2666
2666,2670,2667
2666,2667,2663
2667,2670,2669
2667,2669,2668
2671,2672,2673
2671,2673,2674
2671,2675,2676
2671,2676,2672
2672,2676,2677
2672,2677,2673
2673,2677,2678
2673,2678,2674
2674,2678,2675
2674,2675,2671
2675,2678,2677
2675,2677,2676
2679,2680,2681
2679,2681,2682
2679,2683,2684
2679,2684,2680
2680,2684,2685
2680,2685,2681
2681,2685,2686
2681,2686,2682
2682,2686,2683
2682,2683,2679
2683,2686,2685
2683,2685,2684
2687,2688,2689
2687,2689,2690
2691,2687,2690
2691,2690,2692
2691,2692,2693
2694,2691,2693
2695,2694,2693
2695,2693,2696
2697,2695,2696
2698,2697,2696
2699,2698,2696
2700,2699,2696
2701,2700,2696
2690,2689,2702
2690,2702,2703
2689,2688,2704
2689,2704,2702
2688,2687,2705
2688,2705,2704
2687,2691,2706
2687,2706,2705
2691,2694,2707
2691,2707,2706
2694,2695,2708
2694,2708,2707
2695,2697,2709
2695,2709,2708
2697,2698,2710
2697,2710,2709
2698,2699,2711
2698,2711,2710
2699,2700,2712
2699,2712,2711
2700,2701,2713
2700,2713,2712
2701,2696,2714
2701,2714,2713
2696,2693,2715
2696,2715,2714
2693,2692,2716
2693,2716,2715
2692,2690,2703
2692,2703,2716
2702,2704,2705
2703,2702,2705
2703,2705,2706
2716,2703,2706
2715,2716,2706
2715,2706,2707
2715,2707,2708
2714,2715,2708
2714,2708,2709
2714,2709,2710
2714,2710,2711
2714,2711,2712
2714,2712,2713
2717,2718,2719
2717,2719,2720
2718,2721,2722
2718,2722,2719
2723,2724,2725
2724,2726,2727
2724,2727,2725
2726,2728,2729
2726,2729,2727
2728,2730,2731
2728,2731,2729
2730,2732,2733
2730,2733,2731
2732,2734,2735
2732,2735,2733
2736,2737,2738
2736,2738,2739
2737,2740,2741
2737,2741,2738
2740,2742,2743
2740,2743,2741
2742,2744,2745
2742,2745,2743
2746,2747,2748
2746,2748,2749
2747,2750,2751
2747,2751,2748
2752,2753,2754
2753,2755,2756
2753,2756,2754
2755,2757,2758
2755,2758,2756
2757,2759,2760
2757,2760,2758
2761,2762,2763
2761,2763,2764
2762,2765,2766
2762,2766,2763
2765,2767,2768
2765,2768,2766
2767,2769,2770
2767,2770,2768
2771,2772,2773
2771,2773,2774
2772,2717,2720
2772,2720,2773
2720,2719,2775
2720,2775,2776
2719,2722,2777
2719,2777,2775
2722,2778,2777
2725,2727,2779
2725,2779,2780
2727,2729,2781
2727,2781,2779
2729,2731,2782
2729,2782,2781
2731,2733,2783
2731,2783,2782
2733,2735,2784
2733,2784,2783
2735,2785,2784
2739,2738,2786
2739,2786,2787
2738,2741,2788
2738,2788,2786
2741,2743,2789
2741,2789,2788
2743,2745,2790
2743,2790,2789
2745,2791,2790
2749,2748,2792
2749,2792,2793
2748,2751,2794
2748,2794,2792
2751,2795,2794
2754,2756,2796
2754,2796,2797
2756,2758,2798
2756,2798,2796
2758,2760,2799
2758,2799,2798
2764,2763,2800
2764,2800,2801
2763,2766,2802
2763,2802,2800
2766,2768,2803
2766,2803,2802
2768,2770,2804
2768,2804,2803
2770,2805,2804
2774,2773,2806
2774,2806,2807
2773,2720,2776
2773,2776,2806
2776,2775,2808
2776,2808,2809
2775,2777,2810
2775,2810,2808
2777,2778,2811
2777,2811,2810
2778,2812,2813
2778,2813,2811
2812,2780,2814
2812,2814,2813
2780,2779,2815
2780,2815,2814
2779,2781,2816
2779,2816,2815
2781,2782,2817
2781,2817,2816
2782,2783,2818
2782,2818,2817
2783,2784,2819
2783,2819,2818
2784,2785,2820
2784,2820,2819
2785,2787,2821
2785,2821,2820
2787,2786,2822
2787,2822,2821
2786,2788,2823
2786,2823,2822
2788,2789,2824
2788,2824,2823
2789,2790,2825
2789,2825,2824
2790,2791,2826
2790,2826,2825
2791,2793,2827
2791,2827,2826
2793,2792,2828
2793,2828,2827
2792,2794,2829
2792,2829,2828
2794,2795,2830
2794,2830,2829
2795,2831,2832
2795,2832,2830
2831,2797,2833
2831,2833,2832
2797,2796,2834
2797,2834,2833
2796,2798,2835
2796,2835,2834
2798,2799,2836
2798,2836,2835
2799,2837,2838
2799,2838,2836
2837,2801,2839
2837,2839,2838
2801,2800,2840
2801,2840,2839
2800,2802,2841
2800,2841,2840
2802,2803,2842
2802,2842,2841
2803,2804,2843
2803,2843,2842
2804,2805,2844
2804,2844,2843
2805,2807,2845
2805,2845,2844
2807,2806,2846
2807,2846,2845
2806,2776,2809
2806,2809,2846
2809,2808,2847
2809,2847,2848
2808,2810,2849
2808,2849,2847
2810,2811,2850
2810,2850,2849
2811,2813,2851
2811,2851,2850
2813,2814,2852
2813,2852,2851
2814,2815,2853
2814,2853,2852
2815,2816,2854
2815,2854,2853
2816,2817,2855
2816,2855,2854
2817,2818,2856
2817,2856,2855
2818,2819,2857
2818,2857,2856
2819,2820,2858
2819,2858,2857
2820,2821,2859
2820,2859,2858
2821,2822,2860
2821,2860,2859
2822,2823,2861
2822,2861,2860
2823,2824,2862
2823,2862,2861
2824,2825,2863
2824,2863,2862
2825,2826,2864
2825,2864,2863
2826,2827,2865
2826,2865,2864
2827,2828,2866
2827,2866,2865
2828,2829,2867
2828,2867,2866
2829,2830,2868
2829,2868,2867
2830,2832,2869
2830,2869,2868
2832,2833,2870
2832,2870,2869
2833,2834,2871
2833,2871,2870
2834,2835,2872
2834,2872,2871
2835,2836,2873
2835,2873,2872
2836,2838,2874
2836,2874,2873
2838,2839,2875
2838,2875,2874
2839,2840,2876
2839,2876,2875
2840,2841,2877
2840,2877,2876
2841,2842,2878
2841,2878,2877
2842,2843,2879
2842,2879,2878
2843,2844,2880
2843,2880,2879
2844,2845,2881
2844,2881,2880
2845,2846,2882
2845,2882,2881
2846,2809,2848
2846,2848,2882
2849,2850,2883
2849,2883,2884
2853,2854,2885
2853,2885,2886
2857,2858,2887
2857,2887,2888
2861,2862,2889
2861,2889,2890
2865,2866,2891
2865,2891,2892
2869,2870,2893
2869,2893,2894
2873,2874,2895
2873,2895,2896
2877,2878,2897
2877,2897,2898
2881,2882,2899
2881,2899,2900
2901,2902,2903
2901,2904,2902
2903,2905,2906
2903,2902,2905
2906,2907,2908
2906,2905,2907
2908,2909,2910
2908,2907,2909
2910,2911,2912
2910,2909,2911
2912,2913,2914
2912,2911,2913
2914,2915,2916
2914,2913,2915
2916,2917,2918
2916,2915,2917
2918,2919,2920
2918,2917,2919
2920,2921,2922
2920,2919,2921
2922,2923,2924
2922,2921,2923
2924,2925,2926
2924,2923,2925
2926,2927,2928
2926,2925,2927
2928,2929,2930
2928,2927,2929
2930,2931,2932
2930,2929,2931
2932,2933,2934
2932,2931,2933
2934,2935,2936
2934,2933,2935
2936,2937,2938
2936,2935,2937
2938,2939,2940
2938,2937,2939
2940,2941,2942
2940,2939,2941
2942,2943,2944
2942,2941,2943
2944,2945,2946
2944,2943,2945
2946,2947,2948
2946,2945,2947
2948,2949,2950
2948,2947,2949
2950,2951,2952
2950,2949,2951
2952,2953,2954
2952,2951,2953
2954,2955,2956
2954,2953,2955
2956,2957,2958
2956,2955,2957
2958,2959,2960
2958,2957,2959
2960,2961,2962
2960,2959,2961
2962,2963,2964
2962,2961,2963
2964,2965,2966
2964,2963,2965
2966,2967,2968
2966,2965,2967
2968,2969,2970
2968,2967,2969
2970,2971,2972
2970,2969,2971
2972,2904,2901
2972,2971,2904
2858,2859,2973
2858,2973,2974
2858,2974,2887
2859,2975,2973
2859,2860,2975
2860,2976,2975
2860,2861,2977
2861,2890,2977
2976,2860,2977
2977,2890,2978
2862,2863,2979
2862,2979,2980
2862,2980,2889
2863,2981,2979
2863,2864,2981
2864,2982,2981
2864,2865,2983
2865,2892,2983
2982,2864,2983
2983,2892,2984
2866,2867,2985
2866,2985,2986
2866,2986,2891
2867,2987,2985
2867,2868,2987
2868,2988,2987
2868,2869,2989
2869,2894,2989
2988,2868,2989
2989,2894,2990
2870,2871,2991
2870,2991,2992
2870,2992,2893
2871,2993,2991
2871,2872,2993
2872,2994,2993
2872,2873,2995
2873,2896,2995
2994,2872,2995
2995,2896,2996
2874,2875,2997
2874,2997,2998
2874,2998,2895
2875,2999,2997
2875,2876,2999
2876,3000,2999
2876,2877,3001
2877,2898,3001
3000,2876,3001
3001,2898,3002
2878,2879,3003
2878,3003,3004
2878,3004,2897
2879,3005,3003
2879,2880,3005
2880,3006,3005
2880,2881,3007
2881,2900,3007
3006,2880,3007
3007,2900,3008
2848,2847,3009
2847,3010,3009
2848,3009,2882
2847,2849,3011
2849,2884,3011
3010,2847,3011
3011,2884,3012
2882,3009,3013
2882,3013,3014
2882,3014,2899
2850,2851,3015
2850,3015,3016
2850,3016,2883
2851,3017,3015
2851,2852,3017
2852,3018,3017
2852,2853,3019
2853,2886,3019
3018,2852,3019
3019,2886,3020
2854,2855,3021
2854,3021,3022
2854,3022,2885
2855,3023,3021
2855,2856,3023
2856,3024,3023
2856,2857,3025
2857,2888,3025
3024,2856,3025
3025,2888,3026
2734,3027,3028
3027,3029,3028
3030,2734,3028
2734,3030,2735
3027,2736,3031
2736,2739,3031
3027,3031,3029
3032,2739,2787
3031,2739,3032
3033,2785,3034
2785,3033,2787
2735,3030,3035
2785,2735,3035
2785,3035,3036
2785,3036,3037
2785,3037,3038
2785,3038,3039
2785,3039,3040
3040,3034,2785
2787,3041,3042
2787,3042,3043
2787,3043,3044
2787,3044,3045
3032,2787,3045
2787,3033,3046
2787,3046,3041
2744,3047,3048
3047,3049,3048
3050,2744,3048
2744,3050,2745
3047,2746,3051
2746,2749,3051
3047,3051,3049
3052,2749,2793
3051,2749,3052
2745,3050,3053
2791,2745,3053
2791,3053,3054
2791,3054,3055
2791,3055,3056
2791,3056,3057
2791,3057,3058
2791,3058,3059
2791,3059,2793
2793,3060,3061
2793,3061,3062
2793,3062,3063
2793,3063,3064
3052,2793,3064
2793,3065,3066
2793,3059,3065
2793,3066,3060
2750,3067,3068
3067,3069,3068
2750,3068,3070
2750,3070,2751
2752,3071,3067
3069,3067,3071
3072,2754,2797
3073,2754,3072
2752,2754,3073
3071,2752,3073
2751,3070,3074
2795,2751,3074
2795,3074,3075
3076,2795,3075
2795,3076,2831
2831,3077,3078
2831,3078,3079
2831,3079,3080
2831,3080,3081
2831,3081,2797
2831,3082,3083
3083,3077,2831
2831,3076,3084
2831,3084,3085
2831,3085,3082
2797,3086,3087
3072,2797,3087
2797,3081,3088
2797,3088,3086
3089,3090,2759
3091,2759,3090
2760,2759,3091
2760,3091,3092
3089,2761,3093
2761,2764,3093
3093,2764,3094
3094,2764,2801
3093,3090,3089
2837,3095,3096
2837,3096,3097
2837,3097,3098
2837,3098,2801
3099,2760,3092
2760,3099,2799
3100,2837,3101
3101,2837,2799
2837,3100,3102
2837,3102,3103
3103,3095,2837
2799,3099,3104
2799,3104,3101
2801,3105,3106
2801,3106,3107
3094,2801,3107
2801,3098,3108
2801,3108,3105
3109,3110,2769
3111,2769,3110
2770,2769,3111
3112,2770,3111
3109,2771,3113
2771,2774,3113
3109,3113,3110
3114,2774,2807
3113,2774,3114
3115,2805,3116
2805,3115,2807
2770,3112,3117
2805,2770,3117
2805,3117,3118
2805,3118,3119
2805,3119,3120
2805,3120,3121
2805,3121,3122
3122,3116,2805
2807,3123,3124
2807,3124,3125
2807,3125,3126
2807,3126,3127
3114,2807,3127
2807,3115,3128
2807,3128,3123
2721,3129,3130
3129,3131,3130
2721,3130,3132
2721,3132,2722
2723,3133,3129
3131,3129,3133
3134,2725,2780
3135,2725,3134
2723,2725,3135
3133,2723,3135
2722,3132,3136
2778,2722,3136
2778,3136,3137
2778,3137,3138
2778,3138,2812
2812,3139,3140
2812,3140,3141
2812,3141,3142
2812,3142,3143
3144,2812,3143
2812,3144,2780
2812,3145,3146
3146,3139,2812
2812,3138,3147
2812,3147,3148
2812,3148,3145
2780,3149,3150
3134,2780,3150
2780,3144,3149
3151,3152,3153
3151,3153,3154
3152,3155,3156
3152,3156,3153
3154,3157,3158
3154,3158,3151
3159,3155,3152
3160,3155,3159
3155,3160,3156
3161,3158,3162
3158,3161,3151
3151,3161,3163
3151,3163,3164
3151,3164,3165
3151,3165,3166
3151,3166,3167
3152,3151,3167
3152,3167,3168
3152,3168,3169
3152,3169,3170
3152,3170,3171
3172,3152,3171
3152,3172,3173
3173,3159,3152
3153,3156,3174
3153,3174,3175
3176,3157,3154
3157,3176,3177
3157,3177,3158
3178,3176,3154
3179,3178,3154
3154,3180,3179
3181,3180,3154
3154,3153,3182
3182,3181,3154
3183,3182,3153
3153,3184,3183
3153,3185,3184
3186,3185,3153
3187,3186,3153
3188,3187,3153
3189,3188,3153
3175,3189,3153
3162,3158,3177
3174,3156,3160
3174,3160,3159
3159,3175,3174
3175,3159,3173
3161,3162,3176
3162,3177,3176
3175,3173,3189
3178,3163,3161
3161,3176,3178
3179,3164,3163
3163,3178,3179
3180,3165,3164
3164,3179,3180
3181,3166,3165
3165,3180,3181
3182,3167,3166
3166,3181,3182
3168,3167,3182
3183,3168,3182
3184,3169,3168
3168,3183,3184
3185,3170,3169
3169,3184,3185
3187,3171,3170
3170,3185,3187
3188,3172,3171
3171,3187,3188
3189,3173,3172
3172,3188,3189
