x,y,z
-61.3269,28.8722,246.691
-61.3238,28.8722,247.051
-61.348,28.8722,246.723
55.7826,28.8722,246.723
55.7585,28.8722,247.051
55.7615,28.8722,246.691
55.7313,28.8722,212.172
55.7585,28.8722,211.848
55.7585,28.8722,212.165
-61.3238,28.8722,212.165
-61.3238,28.8722,211.848
-61.2967,28.8722,212.172
-61.4265,28.8722,245.824
-61.3088,28.8722,245.708
55.861,28.8722,245.824
55.7434,28.8722,245.708
-61.5835,28.8722,244.477
-61.2302,28.8722,244.247
56.018,28.8722,244.477
55.6649,28.8722,244.247
-61.342,28.8722,213.037
-61.2092,28.8722,213.061
55.7766,28.8722,213.037
55.6437,28.8722,213.061
-61.8309,28.8722,242.808
-61.0583,28.8722,242.452
56.2625,28.8722,242.808
55.4898,28.8722,242.452
55.852,28.8722,214.344
55.4838,28.8722,214.393
-61.4174,28.8722,214.344
-61.0493,28.8722,214.393
-61.5835,28.8722,215.97
-60.8077,28.8722,216.046
56.018,28.8722,215.97
55.2424,28.8722,216.046
-62.1871,28.8722,240.941
-60.7474,28.8722,240.468
56.6216,28.8722,240.941
55.1819,28.8722,240.468
68.4953,28.8722,228.42
68.8575,28.8722,229.23
68.4953,28.8722,230.123
56.3078,28.8722,217.794
54.9073,28.8722,217.894
-61.8732,28.8722,217.794
-60.4727,28.8722,217.894
-62.6699,28.8722,239.002
-60.2645,28.8722,238.439
57.1046,28.8722,239.002
54.6991,28.8722,238.439
67.5898,28.8722,227.663
67.5898,28.8722,230.975
66.4158,28.8722,227.002
66.4158,28.8722,231.733
65.2386,28.8722,226.477
65.2386,28.8722,232.341
64.3362,28.8722,226.132
64.3362,28.8722,232.745
63.974,28.8722,226.007
63.974,28.8722,232.892
63.8291,28.8722,232.892
63.8261,28.8722,226.007
63.4126,28.8722,232.892
63.4096,28.8722,226.007
62.7607,28.8722,232.892
62.7546,28.8722,226.007
61.9065,28.8722,232.892
61.8945,28.8722,226.007
60.8803,28.8722,232.892
60.8652,28.8722,226.007
59.7183,28.8722,232.892
59.6942,28.8722,226.007
56.7605,28.8722,219.698
54.4697,28.8722,219.818
-62.326,28.8722,219.698
-60.0381,28.8722,219.818
-73.8252,28.8722,230.521
-74.1693,28.8722,229.451
-73.8252,28.8722,228.38
-63.0985,28.8722,237.673
57.5331,28.8722,237.673
-72.9681,28.8722,231.386
-72.9681,28.8722,227.514
-71.8544,28.8722,232.051
-71.8544,28.8722,226.849
-70.7407,28.8722,232.521
-70.7407,28.8722,226.378
-69.8836,28.8722,232.8
-69.8836,28.8722,226.099
-69.5395,28.8722,232.892
-69.5395,28.8722,226.007
-69.3946,28.8722,226.007
-69.3946,28.8722,232.892
-68.9781,28.8722,232.892
-68.975,28.8722,226.007
-68.3291,28.8722,232.892
-68.3201,28.8722,226.007
-67.4719,28.8722,232.892
-67.463,28.8722,226.007
-66.4487,28.8722,232.892
-66.4306,28.8722,226.007
-65.2838,28.8722,232.892
-65.2627,28.8722,226.007
-59.8359,28.8722,237.206
54.2675,28.8722,237.206
57.2133,28.8722,221.067
54.0561,28.8722,221.179
-62.7816,28.8722,221.067
-59.6246,28.8722,221.179
58.0161,28.8722,236.411
-63.5814,28.8722,236.411
-59.3107,28.8722,236.049
53.7422,28.8722,236.049
-63.3159,28.8722,222.369
-59.1266,28.8722,222.47
57.7504,28.8722,222.369
53.5582,28.8722,222.47
58.5171,28.8722,235.26
-64.0855,28.8722,235.26
-64.9035,28.8722,225.424
-64.9759,28.8722,233.458
59.338,28.8722,225.424
59.4104,28.8722,233.458
58.8612,28.8722,224.593
58.997,28.8722,234.262
-64.4266,28.8722,224.593
-64.5624,28.8722,234.262
53.1779,28.8722,235.003
58.3149,28.8722,223.559
52.6256,28.8722,234.104
53.027,28.8722,223.644
52.5108,28.8722,224.655
52.0641,28.8722,225.458
52.1396,28.8722,233.388
51.7383,28.8722,226.007
51.7775,28.8722,232.892
42.9673,28.8722,232.892
42.9401,28.8722,226.007
22.9052,28.8722,232.892
22.8902,28.8722,226.007
-2.78268,28.8722,232.892
-2.78268,28.8722,226.007
-28.4706,28.8722,232.892
-28.4556,28.8722,226.007
-48.5056,28.8722,226.007
-48.5327,28.8722,232.892
-57.3036,28.8722,226.007
-57.3428,28.8722,232.892
-57.7051,28.8722,233.388
-57.6326,28.8722,225.458
-58.191,28.8722,234.104
-58.0793,28.8722,224.655
-58.7433,28.8722,235.003
-58.5924,28.8722,223.644
-63.8803,28.8722,223.559
-57.6326,32.0383,225.458
-57.3036,32.0383,226.007
-58.0793,32.0383,224.655
-58.5924,32.0383,223.644
-59.1266,32.0383,222.47
-59.6246,32.0383,221.179
-60.0381,32.0383,219.818
-60.4727,32.0383,217.894
-60.8077,32.0383,216.046
-61.0493,32.0383,214.393
-61.2092,32.0383,213.061
-61.2967,32.0383,212.172
-61.3238,32.0383,211.848
-61.3238,32.0383,212.165
-61.342,32.0383,213.037
-61.4174,32.0383,214.344
-61.5835,32.0383,215.97
-61.8732,32.0383,217.794
-62.326,32.0383,219.698
-62.7816,32.0383,221.067
-63.3159,32.0383,222.369
-63.8803,32.0383,223.559
-64.4266,32.0383,224.593
-64.9035,32.0383,225.424
-65.2596,32.0383,226.007
-66.4306,32.0383,226.007
-67.463,32.0383,226.007
-68.3201,32.0383,226.007
-68.975,32.0383,226.007
-69.3946,32.0383,226.007
-69.5395,32.0383,226.007
-69.8836,32.0383,226.099
-70.7407,32.0383,226.378
-71.8544,32.0383,226.849
-72.9681,32.0383,227.514
-73.8252,32.0383,228.38
-74.1693,32.0383,229.451
-73.8252,32.0383,230.521
-72.9681,32.0383,231.386
-71.8544,32.0383,232.051
-70.7407,32.0383,232.521
-69.8836,32.0383,232.8
-69.5395,32.0383,232.892
-69.3946,32.0383,232.892
-68.9781,32.0383,232.892
-68.3291,32.0383,232.892
-67.4719,32.0383,232.892
-66.4487,32.0383,232.892
-65.2838,32.0383,232.892
-64.9759,32.0383,233.458
-64.5624,32.0383,234.262
-64.0855,32.0383,235.26
-63.5814,32.0383,236.411
-63.0985,32.0383,237.673
-62.6699,32.0383,239.002
-62.1871,32.0383,240.941
-61.8309,32.0383,242.808
-61.5835,32.0383,244.477
-61.4265,32.0383,245.824
-61.348,32.0383,246.723
-61.3238,32.0383,247.051
-61.3269,32.0383,246.691
-61.3088,32.0383,245.708
-61.2302,32.0383,244.247
-61.0583,32.0383,242.452
-60.7474,32.0383,240.468
-60.2645,32.0383,238.439
-59.8359,32.0383,237.206
-59.3107,32.0383,236.049
-58.7433,32.0383,235.003
-58.191,32.0383,234.104
-57.7051,32.0383,233.388
-57.3428,32.0383,232.892
-48.5327,32.0383,232.892
-28.4706,32.0383,232.892
-2.78268,32.0383,232.892
22.9052,32.0383,232.892
42.9673,32.0383,232.892
51.7775,32.0383,232.892
52.1396,32.0383,233.388
52.6256,32.0383,234.104
53.1779,32.0383,235.003
53.7422,32.0383,236.049
54.2675,32.0383,237.206
54.6991,32.0383,238.439
55.1819,32.0383,240.468
55.4898,32.0383,242.452
55.6649,32.0383,244.247
55.7434,32.0383,245.708
55.7615,32.0383,246.691
55.7585,32.0383,247.051
55.7826,32.0383,246.723
55.861,32.0383,245.824
56.018,32.0383,244.477
56.2625,32.0383,242.808
56.6216,32.0383,240.941
57.1046,32.0383,239.002
57.5331,32.0383,237.673
58.0161,32.0383,236.411
58.5171,32.0383,235.26
58.997,32.0383,234.262
59.4104,32.0383,233.458
59.7183,32.0383,232.892
60.8803,32.0383,232.892
61.9065,32.0383,232.892
62.7607,32.0383,232.892
63.4126,32.0383,232.892
63.8291,32.0383,232.892
63.974,32.0383,232.892
64.3362,32.0383,232.745
65.2386,32.0383,232.341
66.4158,32.0383,231.733
67.5898,32.0383,230.975
68.4953,32.0383,230.123
68.8575,32.0383,229.23
68.4953,32.0383,228.42
67.5898,32.0383,227.663
66.4158,32.0383,227.002
65.2386,32.0383,226.477
64.3362,32.0383,226.132
63.974,32.0383,226.007
63.8261,32.0383,226.007
63.4096,32.0383,226.007
62.7546,32.0383,226.007
61.8945,32.0383,226.007
60.8652,32.0383,226.007
59.6942,32.0383,226.007
59.338,32.0383,225.424
58.8612,32.0383,224.593
58.3149,32.0383,223.559
57.7504,32.0383,222.369
57.2133,32.0383,221.067
56.7605,32.0383,219.698
56.3078,32.0383,217.794
56.018,32.0383,215.97
55.852,32.0383,214.344
55.7766,32.0383,213.037
55.7585,32.0383,212.165
55.7585,32.0383,211.848
55.7313,32.0383,212.172
55.6437,32.0383,213.061
55.4838,32.0383,214.393
55.2424,32.0383,216.046
54.9073,32.0383,217.894
54.4697,32.0383,219.818
54.0561,32.0383,221.179
53.5582,32.0383,222.47
53.027,32.0383,223.644
52.5108,32.0383,224.655
52.0641,32.0383,225.458
51.7383,32.0383,226.007
42.9401,32.0383,226.007
22.8902,32.0383,226.007
-2.78268,32.0383,226.007
-28.4556,32.0383,226.007
-48.5056,32.0383,226.007
55.7192,24.4023,229.533
54.9858,24.7916,230.464
55.2785,24.7916,228.433
54.5391,25.8087,231.029
54.038,25.353,229.29
55.0099,25.8087,227.764
54.5572,27.0583,231.009
54.1015,27.4839,229.93
54.2795,27.4839,228.695
55.022,27.0583,227.789
56.8903,24.7916,229.701
56.7695,25.353,228.197
57.6025,25.8087,229.804
56.184,27.4839,227.933
57.1649,27.4839,228.704
57.5784,27.0583,229.8
56.35,25.353,231.11
56.8722,27.4839,230.735
55.7131,27.4839,231.198
55.4627,28.341,229.858
48.3216,24.4023,229.533
47.5882,24.7916,230.464
47.8809,24.7916,228.433
47.1415,25.8087,231.029
46.6374,25.353,229.29
47.6122,25.8087,227.764
47.1595,27.0583,231.009
46.7038,27.4839,229.93
46.8789,27.4839,228.695
47.6214,27.0583,227.789
49.4926,24.7916,229.701
49.3719,25.353,228.197
50.205,25.8087,229.804
48.7864,27.4839,227.933
49.7643,27.4839,228.704
50.1777,27.0583,229.8
48.9525,25.353,231.11
49.4715,27.4839,230.735
48.3155,27.4839,231.198
48.065,28.341,229.858
39.8132,24.4023,229.533
39.0798,24.7916,230.464
39.3726,24.7916,228.433
38.6331,25.8087,231.029
38.1322,25.353,229.29
39.1039,25.8087,227.764
38.6512,27.0583,231.009
38.1955,27.4839,229.93
38.3736,27.4839,228.695
39.116,27.0583,227.789
40.9843,24.7916,229.701
40.8636,25.353,228.197
41.6967,25.8087,229.804
40.2781,27.4839,227.933
41.259,27.4839,228.704
41.6725,27.0583,229.8
40.444,25.353,231.11
40.9661,27.4839,230.735
39.8072,27.4839,231.198
39.5567,28.341,229.858
30.5654,24.4023,229.533
29.8321,24.7916,230.464
30.1248,24.7916,228.433
29.3854,25.8087,231.029
28.8843,25.353,229.29
29.8563,25.8087,227.764
29.4035,27.0583,231.009
28.9477,27.4839,229.93
29.1257,27.4839,228.695
29.8682,27.0583,227.789
31.7366,24.7916,229.701
31.6157,25.353,228.197
32.4488,25.8087,229.804
31.0302,27.4839,227.933
32.0111,27.4839,228.704
32.4247,27.0583,229.8
31.1963,25.353,231.11
31.7185,27.4839,230.735
30.5594,27.4839,231.198
30.309,28.341,229.858
20.9465,24.4023,229.533
20.213,24.7916,230.464
20.5059,24.7916,228.433
19.7693,25.8087,231.029
19.2653,25.353,229.29
20.2401,25.8087,227.764
19.7845,27.0583,231.009
19.3286,27.4839,229.93
19.5068,27.4839,228.695
20.2493,27.0583,227.789
22.1205,24.7916,229.701
21.9968,25.353,228.197
22.8329,25.8087,229.804
21.4113,27.4839,227.933
22.3922,27.4839,228.704
22.8056,27.0583,229.8
21.5773,25.353,231.11
22.0994,27.4839,230.735
20.9405,27.4839,231.198
20.6899,28.341,229.858
10.9592,24.4023,229.533
10.2258,24.7916,230.464
10.5185,24.7916,228.433
9.78208,25.8087,231.029
9.27806,25.353,229.29
10.2529,25.8087,227.764
9.79711,27.0583,231.009
9.34143,27.4839,229.93
9.51946,27.4839,228.695
10.2619,27.0583,227.789
12.1333,24.7916,229.701
12.0095,25.353,228.197
12.8455,25.8087,229.804
11.424,27.4839,227.933
12.4049,27.4839,228.704
12.8184,27.0583,229.8
11.5901,25.353,231.11
12.1122,27.4839,230.735
10.9531,27.4839,231.198
10.7026,28.341,229.858
0.971949,24.4023,229.533
0.238472,24.7916,230.464
0.531302,24.7916,228.433
-0.205123,25.8087,231.029
-0.70914,25.353,229.29
0.265735,25.8087,227.764
-0.190091,27.0583,231.009
-0.645769,27.4839,229.93
-0.467742,27.4839,228.695
0.274725,27.0583,227.789
2.14298,24.7916,229.701
2.02228,25.353,228.197
2.85833,25.8087,229.804
1.43676,27.4839,227.933
2.41768,27.4839,228.704
2.83121,27.0583,229.8
1.60271,25.353,231.11
2.12485,27.4839,230.735
0.965906,27.4839,231.198
0.715371,28.341,229.858
-9.01525,24.4023,229.533
-9.74873,24.7916,230.464
-9.4559,24.7916,228.433
-10.1925,25.8087,231.029
-10.6965,25.353,229.29
-9.72456,25.8087,227.764
-10.1773,27.0583,231.009
-10.6331,27.4839,229.93
-10.4549,27.4839,228.695
-9.71248,27.0583,227.789
-7.84422,24.7916,229.701
-7.96492,25.353,228.197
-7.12887,25.8087,229.804
-8.55044,27.4839,227.933
-7.56952,27.4839,228.704
-7.15614,27.0583,229.8
-8.38449,25.353,231.11
-7.86235,27.4839,230.735
-9.0213,27.4839,231.198
-9.27183,28.341,229.858
-19.3738,24.4023,229.533
-20.1042,24.7916,230.464
-19.8145,24.7916,228.433
-20.5509,25.8087,231.029
-21.0549,25.353,229.29
-20.08,25.8087,227.764
-20.5359,27.0583,231.009
-20.9916,27.4839,229.93
-20.8135,27.4839,228.695
-20.0711,27.0583,227.789
-18.1997,24.7916,229.701
-18.3235,25.353,228.197
-17.4875,25.8087,229.804
-18.909,27.4839,227.933
-17.9281,27.4839,228.704
-17.5146,27.0583,229.8
-18.7429,25.353,231.11
-18.2208,27.4839,230.735
-19.3799,27.4839,231.198
-19.6304,28.341,229.858
-30.4718,24.4023,229.533
-31.2022,24.7916,230.464
-30.9093,24.7916,228.433
-31.6489,25.8087,231.029
-32.1529,25.353,229.29
-31.178,25.8087,227.764
-31.6307,27.0583,231.009
-32.0895,27.4839,229.93
-31.9115,27.4839,228.695
-31.169,27.0583,227.789
-29.2977,24.7916,229.701
-29.4184,25.353,228.197
-28.5854,25.8087,229.804
-30.0039,27.4839,227.933
-29.0261,27.4839,228.704
-28.6125,27.0583,229.8
-29.8379,25.353,231.11
-29.3187,27.4839,230.735
-30.4747,27.4839,231.198
-30.7253,28.341,229.858
-40.8273,24.4023,229.533
-41.5606,24.7916,230.464
-41.2679,24.7916,228.433
-42.0043,25.8087,231.029
-42.5084,25.353,229.29
-41.5364,25.8087,227.764
-41.9892,27.0583,231.009
-42.445,27.4839,229.93
-42.267,27.4839,228.695
-41.5244,27.0583,227.789
-39.6561,24.7916,229.701
-39.7769,25.353,228.197
-38.9438,25.8087,229.804
-40.3625,27.4839,227.933
-39.3815,27.4839,228.704
-38.968,27.0583,229.8
-40.1964,25.353,231.11
-39.6742,27.4839,230.735
-40.8333,27.4839,231.198
-41.0837,28.341,229.858
-51.1857,24.4023,229.533
-51.9192,24.7916,230.464
-51.6264,24.7916,228.433
-52.3628,25.8087,231.029
-52.8668,25.353,229.29
-51.8919,25.8087,227.764
-52.3478,27.0583,231.009
-52.8034,27.4839,229.93
-52.6254,27.4838,228.695
-51.8829,27.0583,227.789
-50.0116,24.7916,229.701
-50.1354,25.353,228.197
-49.2993,25.8087,229.804
-50.7209,27.4838,227.933
-49.74,27.4839,228.704
-49.3265,27.0583,229.8
-50.555,25.353,231.11
-50.0328,27.4839,230.735
-51.1918,27.4839,231.198
-51.4423,28.341,229.858
-61.1729,24.4023,229.533
-61.9064,24.7916,230.464
-61.6136,24.7916,228.433
-62.35,25.8087,231.029
-62.8542,25.353,229.29
-61.8793,25.8087,227.764
-62.335,27.0583,231.009
-62.7908,27.4838,229.93
-62.6126,27.4838,228.695
-61.8701,27.0583,227.789
-60.0019,24.7916,229.701
-60.1226,25.353,228.197
-59.2865,25.8087,229.804
-60.7081,27.4838,227.933
-59.7272,27.4838,228.704
-59.3138,27.0583,229.8
-60.5422,25.353,231.11
-60.02,27.4838,230.735
-61.179,27.4838,231.198
-61.4295,28.341,229.858
-59.0481,28.8721,70.1599
-59.0481,28.8721,70.5196
-59.0693,28.8721,70.1922
58.0583,28.8722,70.1922
58.0372,28.8722,70.5196
58.0372,28.8722,70.1599
58.01,28.8721,35.6409
58.0372,28.8721,35.3171
58.0342,28.8721,35.634
-59.0451,28.8721,35.634
-59.0481,28.8721,35.3171
-59.021,28.8721,35.6409
-59.1508,28.8721,69.2924
-59.03,28.8721,69.1771
58.1398,28.8722,69.2924
58.0191,28.8722,69.1771
-59.3047,28.8721,67.9457
-58.9545,28.8721,67.716
58.2937,28.8722,67.9457
57.9436,28.8722,67.716
-59.0633,28.8721,36.5057
-58.9305,28.8721,36.5301
58.0553,28.8721,36.5057
57.9195,28.8721,36.5301
-59.5521,28.8721,66.2766
-58.7796,28.8721,65.9208
58.5412,28.8722,66.2766
57.7686,28.8722,65.9208
58.1277,28.8721,37.8132
57.7595,28.8721,37.862
-59.1387,28.8721,37.8132
-58.7704,28.8721,37.862
-59.3047,28.8721,39.4384
-58.529,28.8721,39.5142
58.2937,28.8721,39.4384
57.5181,28.8721,39.5142
-59.9083,28.8721,64.4099
-58.4686,28.8721,63.9366
58.8974,28.8722,64.4099
57.4607,28.8722,63.9366
70.771,28.8722,51.8889
71.1332,28.8722,52.6986
70.771,28.8722,53.5917
58.5865,28.8721,41.2626
57.1861,28.8721,41.3632
-59.5975,28.8721,41.2626
-58.197,28.8721,41.3632
-60.3913,28.8721,62.4707
-57.9888,28.8721,61.9081
59.3803,28.8722,62.4707
56.9778,28.8722,61.9081
69.8686,28.8722,51.1322
69.8686,28.8722,54.4444
68.6914,28.8722,50.4706
68.6914,28.8722,55.2013
67.5174,28.8722,49.946
67.5174,28.8722,55.8095
66.6119,28.8722,49.6004
66.6119,28.8722,56.214
66.2528,28.8722,49.4761
66.2528,28.8722,56.3609
66.1049,28.8722,56.3609
66.1049,28.8722,49.4761
65.6913,28.8722,56.3609
65.6883,28.8722,49.4761
65.0394,28.8722,56.3609
65.0334,28.8722,49.4761
64.1853,28.8722,56.3609
64.1732,28.8722,49.4761
63.1591,28.8722,56.3609
63.141,28.8722,49.4761
61.994,28.8722,56.3609
61.9729,28.8722,49.4761
59.0392,28.8721,43.1671
56.7484,28.8721,43.2867
-60.0502,28.8721,43.1671
-57.7593,28.8721,43.2867
-71.5495,28.8721,53.9892
-71.8906,28.8721,52.9196
-71.5495,28.8721,51.8493
-60.8198,28.8721,61.1412
59.8089,28.8722,61.1412
-70.6924,28.8721,54.8548
-70.6924,28.8721,50.9834
-69.5757,28.8721,55.5204
-69.5757,28.8721,50.3173
-68.4619,28.8721,55.9903
-68.4619,28.8721,49.847
-67.6047,28.8721,56.2689
-67.6047,28.8721,49.5682
-67.2606,28.8721,56.3609
-67.2606,28.8721,49.4761
-67.1158,28.8721,49.4761
-67.1158,28.8721,56.3609
-66.7024,28.8721,56.3609
-66.6993,28.8721,49.4761
-66.0504,28.8721,56.3609
-66.0443,28.8721,49.4761
-65.1962,28.8721,56.3609
-65.1841,28.8721,49.4761
-64.1701,28.8721,56.3609
-64.1519,28.8721,49.4761
-63.0051,28.8721,56.3609
-62.9838,28.8721,49.4761
-57.5571,28.8721,60.6749
56.5462,28.8722,60.6749
59.4919,28.8722,44.5353
56.3349,28.8722,44.6482
-60.503,28.8721,44.5353
-57.3459,28.8721,44.6482
60.2948,28.8722,59.8799
-61.3057,28.8721,59.8799
-57.032,28.8721,59.5174
56.021,28.8722,59.5174
-61.0372,28.8721,45.8374
-56.8478,28.8721,45.9385
60.0262,28.8722,45.8374
55.8369,28.8722,45.9385
60.7958,28.8722,58.7287
-61.8068,28.8721,58.7287
-62.6278,28.8721,48.893
-62.6972,28.8721,56.9269
61.6168,28.8722,48.893
61.6862,28.8722,56.9269
61.1399,28.8722,48.0618
61.2727,28.8722,57.7303
-62.1509,28.8721,48.0618
-62.2837,28.8721,57.7303
55.4536,28.8722,58.4713
60.5936,28.8722,47.028
54.9013,28.8722,57.5727
55.3057,28.8722,47.1123
54.7896,28.8722,48.1236
54.3429,28.8722,48.9268
54.4184,28.8722,56.8571
54.0169,28.8722,49.4761
54.0532,28.8722,56.3609
45.2431,28.8722,56.3609
45.2158,28.8722,49.4761
25.181,28.8722,56.3609
25.1689,28.8721,49.4761
-0.504001,28.8721,56.3609
-0.504001,28.8721,49.4761
-26.1919,28.8721,56.3609
-26.1798,28.8721,49.4761
-46.2267,28.8721,49.4761
-46.254,28.8721,56.3609
-55.0279,28.8721,49.4761
-55.0641,28.8721,56.3609
-55.4262,28.8721,56.8571
-55.3539,28.8721,48.9268
-55.9123,28.8721,57.5727
-55.8006,28.8721,48.1236
-56.4645,28.8721,58.4713
-56.3167,28.8721,47.1122
-61.6046,28.8721,47.028
-55.3539,32.0382,48.9268
-55.0279,32.0382,49.4761
-55.8006,32.0382,48.1236
-56.3167,32.0382,47.1123
-56.8478,32.0382,45.9385
-57.3459,32.0382,44.6482
-57.7593,32.0382,43.2867
-58.1939,32.0382,41.3632
-58.529,32.0382,39.5142
-58.7704,32.0382,37.862
-58.9305,32.0382,36.5301
-59.021,32.0382,35.6409
-59.0481,32.0382,35.3171
-59.0451,32.0382,35.634
-59.0633,32.0382,36.5057
-59.1387,32.0382,37.8132
-59.3047,32.0382,39.4384
-59.5975,32.0382,41.2626
-60.0502,32.0382,43.1671
-60.503,32.0382,44.5353
-61.0372,32.0382,45.8374
-61.6046,32.0382,47.028
-62.1509,32.0382,48.0618
-62.6278,32.0382,48.893
-62.9838,32.0382,49.4761
-64.1519,32.0382,49.4761
-65.1841,32.0382,49.4761
-66.0443,32.0382,49.4761
-66.6993,32.0382,49.4761
-67.1158,32.0382,49.4761
-67.2606,32.0382,49.4761
-67.6047,32.0382,49.5682
-68.4619,32.0382,49.847
-69.5757,32.0382,50.3173
-70.6924,32.0382,50.9834
-71.5495,32.0382,51.8493
-71.8907,32.0382,52.9196
-71.5495,32.0382,53.9892
-70.6924,32.0382,54.8548
-69.5757,32.0382,55.5204
-68.4619,32.0382,55.9903
-67.6047,32.0382,56.2689
-67.2606,32.0382,56.3609
-67.1158,32.0382,56.3609
-66.7024,32.0382,56.3609
-66.0504,32.0382,56.3609
-65.1962,32.0382,56.3609
-64.1701,32.0382,56.3609
-63.0051,32.0382,56.3609
-62.6972,32.0382,56.9269
-62.2837,32.0382,57.7303
-61.8068,32.0382,58.7287
-61.3057,32.0382,59.8799
-60.8198,32.0382,61.1412
-60.3913,32.0382,62.4707
-59.9083,32.0382,64.4099
-59.5521,32.0382,66.2766
-59.3047,32.0382,67.9457
-59.1508,32.0382,69.2924
-59.0693,32.0382,70.1922
-59.0481,32.0382,70.5196
-59.0481,32.0382,70.1599
-59.03,32.0382,69.1771
-58.9545,32.0382,67.716
-58.7796,32.0382,65.9208
-58.4686,32.0382,63.9366
-57.9888,32.0382,61.9081
-57.5571,32.0382,60.6749
-57.032,32.0382,59.5174
-56.4645,32.0382,58.4713
-55.9123,32.0382,57.5727
-55.4262,32.0382,56.8571
-55.0641,32.0382,56.3609
-46.254,32.0382,56.3609
-26.1919,32.0382,56.3609
-0.504001,32.0382,56.3609
25.181,32.0382,56.3609
45.2431,32.0382,56.3609
54.0532,32.0382,56.3609
54.4184,32.0382,56.8571
54.9013,32.0383,57.5727
55.4536,32.0383,58.4713
56.021,32.0383,59.5174
56.5462,32.0383,60.6749
56.9778,32.0383,61.9081
57.4607,32.0383,63.9366
57.7686,32.0383,65.9208
57.9436,32.0383,67.716
58.0191,32.0383,69.1771
58.0372,32.0383,70.1599
58.0372,32.0383,70.5196
58.0583,32.0383,70.1922
58.1398,32.0383,69.2924
58.2937,32.0383,67.9457
58.5412,32.0383,66.2767
58.8974,32.0383,64.4099
59.3803,32.0383,62.4707
59.8089,32.0383,61.1412
60.2948,32.0383,59.8799
60.7958,32.0383,58.7287
61.2727,32.0383,57.7303
61.6862,32.0383,56.9269
61.994,32.0383,56.3609
63.1591,32.0383,56.3609
64.1853,32.0383,56.3609
65.0394,32.0383,56.3609
65.6913,32.0383,56.3609
66.1049,32.0383,56.3609
66.2528,32.0383,56.3609
66.6119,32.0383,56.214
67.5174,32.0383,55.8095
68.6914,32.0383,55.2013
69.8686,32.0383,54.4444
70.771,32.0383,53.5917
71.1332,32.0383,52.6986
70.771,32.0383,51.8889
69.8686,32.0382,51.1322
68.6914,32.0382,50.4706
67.5174,32.0382,49.946
66.6119,32.0382,49.6004
66.2528,32.0382,49.4761
66.1049,32.0382,49.4761
65.6883,32.0382,49.4761
65.0334,32.0382,49.4761
64.1732,32.0382,49.4761
63.141,32.0382,49.4761
61.9729,32.0382,49.4761
61.6168,32.0382,48.893
61.1399,32.0382,48.0618
60.5936,32.0382,47.028
60.0262,32.0382,45.8374
59.4919,32.0382,44.5353
59.0392,32.0382,43.1671
58.5865,32.0382,41.2627
58.2937,32.0382,39.4384
58.1277,32.0382,37.8132
58.0553,32.0382,36.5057
58.0342,32.0382,35.634
58.0372,32.0382,35.3171
58.01,32.0382,35.6409
57.9195,32.0382,36.5301
57.7595,32.0382,37.862
57.5181,32.0382,39.5142
57.1861,32.0382,41.3632
56.7484,32.0382,43.2867
56.3349,32.0382,44.6482
55.8369,32.0382,45.9385
55.3057,32.0382,47.1123
54.7896,32.0382,48.1236
54.3429,32.0382,48.9268
54.0169,32.0382,49.4761
45.2158,32.0382,49.4761
25.1689,32.0382,49.4761
-0.504001,32.0382,49.4761
-26.1798,32.0382,49.4761
-46.2267,32.0382,49.4761
57.9949,24.4022,53.0014
57.2645,24.7915,53.9325
57.5573,24.7915,51.9015
56.8178,25.8087,54.4984
56.3138,25.3529,52.759
57.2887,25.8087,51.2327
56.836,27.0582,54.4773
56.3772,27.4838,53.3983
56.5552,27.4838,52.1638
57.2977,27.0582,51.2578
59.169,24.7915,53.1704
59.0483,25.3529,51.6661
59.8813,25.8087,53.273
58.4628,27.4838,51.4017
59.4407,27.4838,52.1732
59.8542,27.0582,53.2691
58.6258,25.3529,54.5787
59.1479,27.4838,54.2038
57.9919,27.4838,54.6671
57.7414,28.3409,53.327
50.5973,24.4022,53.0014
49.8669,24.7915,53.9325
50.1566,24.7915,51.9015
49.4202,25.8087,54.4984
48.9162,25.3529,52.759
49.8911,25.8087,51.2327
49.4352,27.0582,54.4773
48.9796,27.4838,53.3983
49.1576,27.4838,52.1638
49.9001,27.0582,51.2578
51.7714,24.7915,53.1704
51.6476,25.3529,51.6661
52.4837,25.8087,53.273
51.0621,27.4838,51.4017
52.043,27.4838,52.1732
52.4566,27.0582,53.2691
51.228,25.3529,54.5787
51.7502,27.4838,54.2038
50.5912,27.4838,54.6671
50.3407,28.3409,53.327
42.089,24.4022,53.0014
41.3586,24.7915,53.9325
41.6513,24.7915,51.9015
40.9119,25.8087,54.4984
40.4079,25.3529,52.759
41.3828,25.8087,51.2327
40.93,27.0582,54.4773
40.4713,27.4838,53.3983
40.6493,27.4838,52.1638
41.3918,27.0582,51.2578
43.2631,24.7915,53.1704
43.1393,25.3529,51.6661
43.9754,25.8087,53.273
42.5538,27.4838,51.4017
43.5347,27.4838,52.1732
43.9482,27.0582,53.2691
42.7197,25.3529,54.5787
43.2419,27.4838,54.2038
42.086,27.4838,54.6671
41.8355,28.3409,53.327
32.8412,24.4022,53.0014
32.1108,24.7915,53.9325
32.4036,24.7915,51.9015
31.6641,25.8087,54.4984
31.1601,25.3529,52.759
32.1349,25.8087,51.2327
31.6822,27.0582,54.4773
31.2234,27.4838,53.3983
31.4015,27.4838,52.1638
32.1439,27.0582,51.2578
34.0153,24.7915,53.1704
33.8915,25.3529,51.6661
34.7275,25.8087,53.273
33.306,27.4838,51.4017
34.2869,27.4838,52.1732
34.7004,27.0582,53.2691
33.4721,25.3529,54.5787
33.9942,27.4838,54.2038
32.8382,27.4838,54.6671
32.5877,28.3409,53.327
23.2252,24.4022,53.0014
22.4917,24.7915,53.9325
22.7845,24.7915,51.9015
22.0481,25.8087,54.4984
21.5441,25.3529,52.759
22.5159,25.8087,51.2327
22.0631,27.0582,54.4773
21.6075,27.4838,53.3983
21.7855,27.4838,52.1638
22.528,27.0582,51.2578
24.3962,24.7915,53.1704
24.2755,25.3529,51.6661
25.1116,25.8087,53.273
23.69,27.4838,51.4017
24.6709,27.4838,52.1732
25.0844,27.0582,53.2691
23.8559,25.3529,54.5787
24.3781,27.4838,54.2038
23.2191,27.4838,54.6671
22.9686,28.3409,53.327
13.238,24.4022,53.0014
12.5045,24.7915,53.9325
12.7973,24.7915,51.9015
12.0608,25.8087,54.4984
11.5567,25.3529,52.759
12.5287,25.8087,51.2327
12.0759,27.0582,54.4773
11.6201,27.4838,53.3983
11.7983,27.4838,52.1638
12.5408,27.0582,51.2578
14.409,24.7915,53.1704
14.2883,25.3529,51.6661
15.1213,25.8087,53.273
13.7028,27.4838,51.4017
14.6837,27.4838,52.1732
15.0971,27.0582,53.2691
13.8687,25.3529,54.5787
14.3909,27.4838,54.2038
13.2319,27.4838,54.6671
12.9814,28.3409,53.327
3.25063,24.4022,53.0014
2.5173,24.7915,53.9325
2.80999,24.7915,51.9015
2.07061,25.8087,54.4984
1.56954,25.3529,52.759
2.54147,25.8087,51.2327
2.08874,27.0582,54.4773
1.63291,27.4838,53.3983
1.81094,27.4838,52.1638
2.55341,27.0582,51.2578
4.42181,24.7915,53.1704
4.30096,25.3529,51.6661
5.13406,25.8087,53.273
3.71545,27.4838,51.4017
4.69637,27.4838,52.1732
5.1099,27.0582,53.2691
3.88154,25.3529,54.5787
4.40368,27.4838,54.2038
3.24459,27.4838,54.6671
2.9942,28.3409,53.327
-6.73657,24.4022,53.0014
-7.47005,24.7915,53.9325
-7.17722,24.7915,51.9015
-7.91674,25.8087,54.4984
-8.42075,25.3529,52.759
-7.44588,25.8087,51.2327
-7.89861,27.0582,54.4773
-8.35429,27.4838,53.3983
-8.17921,27.4838,52.1638
-7.43674,27.0582,51.2578
-5.56554,24.7915,53.1704
-5.68624,25.3529,51.6661
-4.85314,25.8087,53.273
-6.27175,27.4838,51.4017
-5.29393,27.4838,52.1732
-4.8804,27.0582,53.2691
-6.10581,25.3529,54.5787
-5.58661,27.4838,54.2038
-6.74261,27.4838,54.6671
-6.99315,28.3409,53.327
-17.095,24.4022,53.0014
-17.8285,24.7915,53.9325
-17.5357,24.7915,51.9015
-18.2722,25.8087,54.4984
-18.7762,25.3529,52.759
-17.8014,25.8087,51.2327
-18.257,27.0582,54.4773
-18.7129,27.4838,53.3983
-18.5347,27.4838,52.1638
-17.7922,27.0582,51.2578
-15.924,24.7915,53.1704
-16.0447,25.3529,51.6661
-15.2086,25.8087,53.273
-16.6302,27.4838,51.4017
-15.6493,27.4838,52.1732
-15.2359,27.0582,53.2691
-16.4642,25.3529,54.5787
-15.9421,27.4838,54.2038
-17.101,27.4838,54.6671
-17.3516,28.3409,53.327
-28.193,24.4022,53.0014
-28.9264,24.7915,53.9325
-28.6336,24.7915,51.9015
-29.37,25.8087,54.4984
-29.8742,25.3529,52.759
-28.8993,25.8087,51.2327
-29.355,27.0582,54.4773
-29.8108,27.4838,53.3983
-29.6327,27.4838,52.1638
-28.8902,27.0582,51.2578
-27.019,24.7915,53.1704
-27.1426,25.3529,51.6661
-26.3066,25.8087,53.273
-27.7281,27.4838,51.4017
-26.7472,27.4838,52.1732
-26.3338,27.0582,53.2691
-27.5622,25.3529,54.5787
-27.0401,27.4838,54.2038
-28.199,27.4838,54.6671
-28.4495,28.3409,53.327
-38.5515,24.4022,53.0014
-39.2819,24.7915,53.9325
-38.9891,24.7915,51.9015
-39.7286,25.8087,54.4984
-40.2326,25.3529,52.759
-39.2578,25.8086,51.2327
-39.7105,27.0582,54.4773
-40.1693,27.4838,53.3983
-39.9912,27.4838,52.1638
-39.2488,27.0582,51.2578
-37.3774,24.7915,53.1704
-37.4981,25.3529,51.6661
-36.6652,25.8087,53.273
-38.0836,27.4838,51.4017
-37.1058,27.4838,52.1732
-36.6923,27.0582,53.2691
-37.9177,25.3529,54.5787
-37.3985,27.4838,54.2038
-38.5545,27.4838,54.6671
-38.805,28.3409,53.327
-48.907,24.4022,53.0014
-49.6404,24.7915,53.9325
-49.3477,24.7915,51.9015
-50.0841,25.8086,54.4984
-50.5881,25.3529,52.759
-49.6162,25.8086,51.2327
-50.0689,27.0582,54.4773
-50.5247,27.4838,53.3983
-50.3466,27.4838,52.1638
-49.6041,27.0582,51.2578
-47.7359,24.7915,53.1704
-47.8566,25.3529,51.6661
-47.0236,25.8086,53.273
-48.4422,27.4838,51.4017
-47.4613,27.4838,52.1732
-47.0478,27.0582,53.2691
-48.2761,25.3529,54.5787
-47.754,27.4838,54.2038
-48.9129,27.4838,54.6671
-49.1635,28.3409,53.327
-58.8942,24.4022,53.0014
-59.6276,24.7915,53.9325
-59.3349,24.7915,51.9015
-60.0744,25.8086,54.4984
-60.5784,25.3529,52.759
-59.6035,25.8086,51.2327
-60.0563,27.0582,54.4773
-60.512,27.4838,53.3983
-60.3339,27.4838,52.1638
-59.5915,27.0582,51.2578
-57.7232,24.7915,53.1704
-57.8439,25.3529,51.6661
-57.0108,25.8086,53.273
-58.4294,27.4838,51.4017
-57.4485,27.4838,52.1732
-57.035,27.0582,53.2691
-58.2635,25.3529,54.5787
-57.7412,27.4838,54.2038
-58.9003,27.4838,54.6671
-59.1508,28.3409,53.327
-219.857,-87.1599,3.0443
-211.608,-91.9981,3.04459
-211.608,-91.9978,474.81
-219.857,-87.1596,474.81
-202.644,-95.3302,3.04459
-202.644,-95.33,474.81
-193.24,-97.0566,3.04459
-193.24,-97.0564,474.81
-183.678,-97.12,3.04459
-183.678,-97.1197,474.81
-174.252,-95.5264,3.04459
-174.252,-95.5261,474.81
-165.243,-92.318,3.04459
-165.243,-92.3178,474.81
-156.931,-87.5945,3.0443
-156.931,-87.5943,474.81
-149.563,-81.4977,3.0446
-149.563,-81.4975,474.81
-143.367,-74.2148,3.0446
-143.367,-74.2145,474.81
-138.528,-65.9691,3.04461
-138.528,-65.9688,474.81
-135.196,-57.005,3.04461
-135.196,-57.0047,474.81
-133.47,-47.6003,3.04462
-133.47,-47.6,474.81
-133.404,-38.0386,3.04462
-133.404,-38.0383,474.81
-135.0,-28.6097,3.04463
-135.0,-28.6094,474.81
-138.209,-19.6034,3.04463
-138.209,-19.6031,474.81
-142.932,-11.2882,3.04463
-142.932,-11.2879,474.81
-149.029,-3.92379,3.04464
-149.029,-3.92354,474.81
-156.312,2.27562,3.04464
-156.312,2.27587,474.81
-164.557,7.11079,3.04464
-164.557,7.11104,474.81
-173.522,10.4429,3.04464
-173.522,10.4432,474.81
-182.926,12.1693,3.04464
-182.926,12.1696,474.81
-192.488,12.2357,3.04464
-192.488,12.236,474.81
-201.917,10.6391,3.04464
-201.917,10.6393,474.81
-210.923,7.43069,3.04464
-210.923,7.43095,474.81
-219.235,2.70723,3.04464
-219.235,2.70748,474.81
-226.603,-3.38655,3.04464
-226.603,-3.3863,474.81
-232.799,-10.6695,3.04463
-232.799,-10.6692,474.81
-237.637,-18.9182,3.04463
-237.637,-18.918,474.81
-240.97,-27.8793,3.04462
-240.969,-27.8791,474.81
-242.696,-37.284,3.04462
-242.696,-37.2838,474.81
-242.762,-46.8457,3.04461
-242.762,-46.8455,474.81
-241.166,-56.2746,3.04461
-241.166,-56.2743,474.81
-237.957,-65.2839,3.04461
-237.957,-65.2837,474.81
-233.234,-73.5961,3.0446
-233.234,-73.5958,474.81
-227.137,-80.9636,3.0446
-227.137,-80.9633,474.81
-211.608,-91.9978,505.798
-219.857,-87.1596,505.798
-202.644,-95.3299,505.798
-174.252,-95.5261,505.798
-165.243,-92.3178,505.798
-156.931,-87.5943,505.798
-149.563,-81.4975,505.798
-143.367,-74.2145,505.798
-138.528,-65.9688,505.798
-133.404,-38.0383,505.799
-133.47,-47.6,505.799
-135.0,-28.6094,505.799
-138.209,-19.6031,505.799
-142.932,-11.2879,505.799
-164.557,7.11106,505.799
-156.312,2.27286,505.799
-173.522,10.4432,505.799
-201.917,10.6393,505.799
-210.923,7.43096,505.799
-219.235,2.7075,505.799
-226.603,-3.38629,505.799
-240.969,-27.879,505.799
-237.637,-18.918,505.799
-242.696,-37.2838,505.799
-242.762,-46.8455,505.799
-241.166,-56.2743,505.798
-227.137,-80.9633,505.798
-233.234,-73.5958,505.798
-211.599,-91.9767,536.786
-219.842,-87.1415,536.786
-202.638,-95.3058,536.786
-193.24,-97.0322,536.786
-165.255,-92.2966,536.786
-174.258,-95.5019,536.786
-156.943,-87.5731,536.786
-149.581,-81.4794,536.786
-143.385,-74.2025,536.786
-138.55,-65.9567,536.786
-135.221,-56.9987,536.786
-133.428,-38.0413,536.786
-133.494,-47.597,536.786
-135.024,-28.6154,536.786
-138.23,-19.6121,536.786
-142.953,-11.303,536.786
-149.047,-3.93858,536.786
-164.57,7.08996,536.786
-156.324,2.25479,536.786
-173.528,10.422,536.786
-182.929,12.1455,536.786
-210.914,7.40987,536.786
-201.911,10.6182,536.786
-219.223,2.68938,536.786
-226.588,-3.40436,536.786
-240.948,-27.885,536.786
-237.616,-18.927,536.786
-242.672,-37.2868,536.786
-242.738,-46.8454,536.786
-241.141,-56.2683,536.786
-237.936,-65.2716,536.786
-227.122,-80.9451,536.786
-233.216,-73.5807,536.786
-217.705,-104.84,565.924
-228.091,-98.7495,565.924
-206.42,-109.036,565.924
-194.577,-111.209,565.924
-183.681,-97.0956,536.786
-182.537,-111.29,565.924
-170.666,-109.283,565.924
-159.324,-105.242,565.924
-148.857,-99.2928,565.924
-139.579,-91.6175,565.924
-131.777,-82.4482,565.924
-125.686,-72.0655,565.924
-121.491,-60.7775,565.924
-119.318,-48.937,565.924
-119.236,-36.8974,565.924
-121.243,-25.0268,565.924
-125.285,-13.6844,565.924
-131.23,-3.21418,565.924
-138.906,6.06076,565.924
-148.078,13.8628,565.924
-158.461,19.9536,565.924
-169.746,24.1519,565.924
-181.589,26.322,565.924
-192.485,12.2118,536.786
-193.629,26.4065,565.924
-205.5,24.3964,565.924
-216.842,20.358,565.924
-227.309,14.4091,565.924
-236.587,6.7338,565.924
-232.781,-10.6843,536.786
-244.389,-2.43552,565.924
-250.48,-12.8212,565.924
-254.675,-24.1063,565.924
-256.848,-35.9497,565.924
-256.933,-47.9893,565.924
-254.923,-59.8599,565.924
-250.884,-71.2023,565.924
-244.935,-81.6695,565.924
-237.26,-90.9445,565.924
-217.705,-104.84,583.957
-228.091,-98.7495,583.957
-206.42,-109.036,583.957
-194.577,-111.209,583.957
-182.537,-111.29,583.957
-170.666,-109.283,583.957
-159.324,-105.242,583.957
-148.857,-99.2928,583.957
-139.579,-91.6175,583.957
-131.777,-82.4482,583.957
-125.686,-72.0655,583.957
-121.491,-60.7775,583.957
-119.318,-48.937,583.957
-119.236,-36.8974,583.957
-121.243,-25.0268,583.957
-125.285,-13.6844,583.957
-131.23,-3.21418,583.957
-138.906,6.06077,583.957
-148.078,13.8628,583.957
-158.461,19.9536,583.957
-169.746,24.1519,583.957
-181.589,26.322,583.957
-193.629,26.4065,583.957
-205.5,24.3964,583.957
-216.842,20.358,583.957
-227.309,14.4091,583.957
-236.587,6.73381,583.957
-244.389,-2.43551,583.957
-250.48,-12.8212,583.957
-254.675,-24.1063,583.957
-256.848,-35.9497,583.957
-256.933,-47.9893,583.957
-254.923,-59.8599,583.957
-250.884,-71.2023,583.957
-244.935,-81.6695,583.957
-237.26,-90.9444,583.957
-194.577,-111.209,609.304
-206.42,-109.036,609.304
-148.857,-99.2928,609.304
-159.324,-105.242,609.304
-121.491,-60.7774,609.304
-125.686,-72.0655,609.304
-125.285,-13.6843,609.304
-121.243,-25.0268,609.304
-158.461,19.9536,609.304
-148.078,13.8628,609.304
-205.5,24.3964,609.304
-193.629,26.4065,609.304
-244.389,-2.4355,609.304
-236.587,6.73382,609.304
-256.933,-47.9893,609.304
-256.848,-35.9497,609.304
-237.26,-90.9444,609.304
-244.935,-81.6695,609.304
-211.575,-75.5063,536.786
-210.151,-88.6567,544.538
-205.478,-79.0829,536.786
-217.832,-84.1505,544.538
-201.802,-91.7594,544.538
-198.85,-81.5458,536.786
-193.043,-93.3651,544.538
-191.896,-82.8224,536.786
-184.137,-93.4284,544.538
-184.828,-82.8708,536.786
-175.357,-91.9405,544.538
-177.856,-81.6906,536.786
-166.966,-88.9524,544.538
-171.195,-79.3183,536.786
-159.221,-84.5519,544.538
-165.049,-75.8263,536.786
-152.361,-78.8746,544.538
-159.602,-71.3201,536.786
-146.59,-72.0927,544.538
-155.02,-65.9356,536.786
-142.084,-64.4114,544.538
-151.443,-59.8358,536.786
-138.978,-56.063,544.538
-148.981,-53.2108,536.786
-137.373,-47.3042,544.538
-147.704,-46.2569,536.786
-137.312,-38.3975,544.538
-147.655,-39.1852,536.786
-138.797,-29.6145,544.538
-148.836,-32.2162,536.786
-141.785,-21.2269,544.538
-151.208,-25.555,536.786
-146.186,-13.4821,544.538
-154.7,-19.4069,536.786
-151.863,-6.62177,544.538
-159.206,-13.962,536.786
-158.645,-0.847934,544.538
-164.591,-9.38042,536.786
-166.329,3.65524,544.538
-170.691,-5.80385,536.786
-174.675,6.76095,544.538
-177.316,-3.33796,536.786
-183.436,8.36666,544.538
-184.27,-2.06429,536.786
-192.34,8.43003,544.538
-191.341,-2.01297,536.786
-201.123,6.94203,544.538
-198.31,-3.1931,536.786
-209.514,3.95404,544.538
-204.971,-5.5654,536.786
-217.255,-0.446535,544.538
-211.116,-9.05746,536.786
-224.119,-6.12376,544.538
-216.564,-13.5667,536.786
-229.733,-12.8483,544.697
-221.146,-18.9512,536.786
-234.396,-20.587,544.538
-224.722,-25.048,536.786
-237.499,-28.9354,544.538
-227.188,-31.6759,536.786
-239.104,-37.6942,544.538
-228.462,-38.6299,536.786
-239.168,-46.6009,544.538
-228.51,-45.6985,536.786
-237.68,-55.384,544.538
-227.333,-52.6706,536.786
-234.692,-63.7715,544.538
-224.961,-59.3287,536.786
-230.294,-71.5163,544.538
-221.466,-65.4768,536.786
-224.617,-78.3766,544.538
-216.96,-70.9247,536.786
-119.816,-51.6564,588.729
-119.816,-51.6564,609.304
-119.318,-48.937,588.729
-119.236,-36.8974,588.729
-119.788,-33.6196,588.729
-119.788,-33.6196,609.304
-130.053,-5.28768,588.729
-130.053,-5.28767,609.304
-131.23,-3.21417,588.729
-138.906,6.06077,588.729
-141.61,8.36064,588.729
-141.61,8.36065,609.304
-167.027,23.1378,588.729
-167.027,23.1378,609.304
-169.746,24.1519,588.729
-181.589,26.322,588.729
-185.021,26.3461,588.729
-185.021,26.3461,609.304
-214.252,21.2785,588.729
-214.252,21.2785,609.304
-216.842,20.358,588.729
-227.309,14.4091,588.729
-229.956,12.2209,588.729
-229.956,12.2209,609.304
-249.07,-10.4156,588.729
-249.07,-10.4156,609.304
-250.48,-12.8212,588.729
-254.675,-24.1063,588.729
-255.333,-27.6858,588.729
-255.333,-27.6858,609.304
-255.309,-57.5812,588.729
-255.309,-57.5812,609.304
-254.923,-59.8599,588.729
-250.884,-71.2023,588.729
-248.974,-74.5616,588.729
-248.974,-74.5616,609.304
-228.091,-98.7495,588.729
-217.705,-104.84,588.729
-214.611,-105.99,588.729
-214.611,-105.99,609.304
-230.222,-96.9326,588.729
-230.222,-96.9325,609.304
-185.389,-111.272,588.729
-185.389,-111.272,609.304
-182.537,-111.29,588.729
-170.666,-109.283,588.729
-167.186,-108.043,588.729
-167.186,-108.043,609.304
-141.634,-93.3198,588.729
-141.634,-93.3197,609.304
-139.579,-91.6175,588.729
-131.777,-82.4482,588.729
-129.815,-79.101,588.729
-129.815,-79.101,609.304
-137.496,-63.186,483.822
-135.196,-57.0047,483.822
-137.496,-63.186,505.798
-134.107,-51.0589,483.822
-134.104,-51.0528,505.799
-135.202,-57.0017,516.005
-135.326,-57.3337,516.06
-137.499,-63.186,509.749
-137.222,-62.4345,511.555
-136.905,-61.5833,513.097
-136.555,-60.6386,514.348
-136.171,-59.6094,515.277
-135.761,-58.5048,515.858
-134.825,-54.9433,515.29
-134.62,-53.8296,514.369
-134.43,-52.8004,513.133
-134.258,-51.8677,511.616
-134.107,-51.0528,509.849
-135.042,-56.1204,515.864
-145.208,-8.53835,483.822
-149.029,-3.92353,483.822
-145.208,-8.53834,505.799
-154.1,0.392518,483.822
-154.102,0.395549,505.799
-145.211,-8.54136,509.749
-145.724,-7.92264,511.555
-146.306,-7.21938,513.097
-146.952,-6.44069,514.348
-147.659,-5.58954,515.277
-148.413,-4.67807,515.858
-149.035,-3.9265,516.015
-151.105,-2.1669,515.29
-151.963,-1.4335,514.369
-152.756,-0.757387,513.133
-153.475,-0.144719,511.616
-154.105,0.39253,509.849
-149.246,-3.74542,516.06
-150.194,-2.93958,515.864
-182.018,12.0035,483.822
-182.926,12.1696,483.822
-182.018,12.0036,505.799
-192.488,12.236,483.822
-194.619,11.8738,505.799
-194.613,11.8768,483.822
-182.018,12.0005,509.749
-182.821,12.1454,511.555
-182.926,12.1666,511.734
-188.25,12.1998,516.06
-189.494,12.2058,515.864
-190.686,12.2149,515.29
-191.815,12.2239,514.369
-192.488,12.2299,513.572
-185.827,12.1817,515.277
-187.004,12.1907,515.858
-183.729,12.1696,513.097
-184.734,12.1756,514.348
-193.795,12.0096,511.616
-194.619,11.8708,509.849
-192.856,12.1666,513.133
-232.799,-10.6692,483.822
-226.92,-3.75753,483.822
-226.92,-3.75752,505.799
-234.601,-13.7417,483.822
-234.604,-13.7448,505.799
-230.949,-8.50515,516.06
-231.755,-9.45287,515.864
-232.528,-10.3614,515.29
-232.793,-10.6753,514.955
-226.917,-3.76054,509.749
-228.67,-5.828,514.348
-228.021,-5.06137,513.097
-229.38,-6.66103,515.277
-230.14,-7.55743,515.858
-227.433,-4.37022,511.555
-233.696,-12.2055,513.133
-234.179,-13.0264,511.616
-234.601,-13.7478,509.849
-233.161,-11.297,514.369
-237.957,-65.2837,483.822
-240.311,-58.6738,483.822
-240.311,-58.6738,505.798
-235.178,-70.1732,483.822
-235.178,-70.1762,505.798
-237.951,-65.2776,515.938
-238.211,-64.5472,516.06
-240.309,-58.6708,509.749
-240.04,-59.4253,511.555
-239.732,-60.2795,513.097
-239.394,-61.2302,514.348
-239.026,-62.2624,515.277
-238.63,-63.3701,515.858
-237.124,-66.7324,515.29
-236.566,-67.7164,514.369
-236.05,-68.6279,513.133
-235.582,-69.4549,511.616
-235.174,-70.1762,509.849
-237.719,-65.6881,515.864
-194.568,-96.8119,483.822
-193.24,-97.0564,483.822
-194.568,-96.8119,505.798
-183.678,-97.1197,483.822
-181.97,-96.83,505.798
-181.973,-96.833,483.822
-194.568,-96.8089,509.749
-193.774,-96.9537,511.555
-193.24,-97.0503,512.464
-188.35,-97.0805,516.06
-187.107,-97.0895,515.864
-185.911,-97.0986,515.29
-184.786,-97.1077,514.369
-183.744,-97.1137,513.133
-183.681,-97.1167,513.031
-190.771,-97.0654,515.277
-189.593,-97.0714,515.858
-192.868,-97.0533,513.097
-191.863,-97.0594,514.348
-182.797,-96.9658,511.616
-181.967,-96.827,509.849
-671.936,107.277,1.60388
-693.381,119.855,1.60389
-693.381,119.855,567.128
-671.936,107.278,567.128
-716.687,128.519,1.6036
-716.687,128.519,567.128
-766.002,133.177,1.6036
-790.516,129.028,1.6036
-790.516,129.028,567.128
-813.937,120.686,1.60389
-813.937,120.686,567.128
-835.553,108.403,1.60388
-835.553,108.403,567.128
-854.707,92.5545,1.60358
-854.707,92.5548,567.128
-870.818,73.6183,1.60357
-870.818,73.6185,567.128
-883.398,52.174,1.60356
-883.398,52.1742,567.128
-896.548,4.41683,1.60353
-896.72,-20.4441,1.60352
-896.72,-20.4439,567.128
-896.548,4.41706,567.128
-892.57,-44.958,1.60351
-892.57,-44.9578,567.128
-884.228,-68.3793,1.6035
-884.228,-68.3791,567.128
-871.947,-89.9957,1.60349
-871.947,-89.9955,567.128
-837.162,-125.263,1.60347
-815.718,-137.843,1.60347
-815.718,-137.843,567.128
-837.162,-125.263,567.128
-792.414,-146.506,1.60346
-792.414,-146.505,567.128
-743.1,-151.163,1.60346
-718.586,-147.016,1.60346
-718.586,-147.015,567.128
-695.164,-138.673,1.60347
-695.164,-138.673,567.128
-673.548,-126.389,1.60348
-673.548,-126.389,567.128
-654.391,-110.541,1.60348
-654.391,-110.54,567.128
-625.7,-70.16,1.6035
-617.038,-46.8564,1.60351
-617.038,-46.8562,567.128
-625.7,-70.1597,567.128
-612.55,-22.4029,1.60353
-612.55,-22.4026,567.128
-612.381,2.4581,1.60354
-612.381,2.45833,567.128
-616.528,26.972,1.60355
-616.528,26.9722,567.128
-637.152,72.0097,1.60357
-653.003,91.1632,1.60358
-653.003,91.1634,567.128
-637.152,72.0099,567.128
-693.408,119.799,647.699
-671.972,107.226,647.699
-716.702,128.459,647.699
-741.147,132.943,647.699
-813.91,120.629,647.699
-790.501,128.968,647.699
-835.517,108.352,647.699
-854.665,92.5095,647.699
-870.77,73.5824,647.699
-883.341,52.147,647.699
-892.003,28.8556,647.699
-896.657,-20.4409,647.699
-896.485,4.41109,647.699
-892.51,-44.9426,647.699
-884.171,-68.3519,647.699
-871.896,-89.9592,647.699
-856.053,-109.107,647.699
-815.69,-137.786,647.699
-837.126,-125.212,647.699
-792.396,-146.445,647.699
-767.955,-150.93,647.699
-695.188,-138.616,647.699
-718.601,-146.955,647.699
-673.584,-126.338,647.699
-654.437,-110.495,647.699
-617.098,-46.841,647.699
-625.758,-70.1326,647.699
-612.613,-22.3966,647.699
-612.441,2.45232,647.699
-616.588,26.9572,647.699
-624.928,50.3664,647.699
-653.045,91.1212,647.699
-637.203,71.9737,647.699
-677.529,153.247,723.459
-650.528,137.408,723.459
-706.872,164.157,723.459
-737.664,169.805,723.459
-765.996,133.114,647.699
-768.969,170.021,723.459
-799.836,164.797,723.459
-829.327,154.293,723.459
-856.545,138.828,723.459
-880.663,118.871,723.459
-900.952,95.0298,723.459
-916.791,68.0259,723.459
-927.699,38.6828,723.459
-933.349,7.89109,723.459
-933.564,-23.4138,723.459
-928.339,-54.2779,723.459
-917.836,-83.7688,723.459
-902.37,-110.987,723.459
-882.414,-135.109,723.459
-858.573,-155.394,723.459
-831.569,-171.233,723.459
-802.226,-182.144,723.459
-771.435,-187.791,723.459
-743.103,-151.102,647.699
-740.13,-188.009,723.459
-709.265,-182.784,723.459
-679.775,-172.281,723.459
-652.556,-156.815,723.459
-628.435,-136.856,723.459
-638.332,-91.5709,647.699
-608.149,-113.015,723.459
-592.31,-86.0113,723.459
-581.399,-56.6713,723.459
-575.752,-25.8795,723.459
-575.535,5.42533,723.459
-580.759,36.2925,723.459
-591.263,65.7834,723.459
-606.728,93.0016,723.459
-626.684,117.121,723.459
-677.529,153.247,770.353
-650.528,137.408,770.353
-706.872,164.157,770.353
-737.664,169.805,770.353
-768.969,170.021,770.353
-799.836,164.797,770.353
-829.327,154.293,770.353
-856.545,138.828,770.353
-880.663,118.871,770.353
-900.952,95.0298,770.353
-916.791,68.0259,770.353
-927.699,38.6829,770.353
-933.349,7.89111,770.353
-933.564,-23.4137,770.353
-928.339,-54.2779,770.353
-917.836,-83.7688,770.353
-902.37,-110.987,770.353
-882.414,-135.108,770.353
-858.573,-155.394,770.353
-831.569,-171.233,770.353
-802.226,-182.144,770.353
-771.435,-187.791,770.353
-740.13,-188.009,770.353
-709.265,-182.784,770.353
-679.775,-172.281,770.353
-652.556,-156.815,770.353
-628.435,-136.856,770.353
-608.149,-113.015,770.353
-592.31,-86.0113,770.353
-581.399,-56.6713,770.353
-575.752,-25.8795,770.353
-575.535,5.42535,770.353
-580.759,36.2925,770.353
-591.263,65.7835,770.353
-606.728,93.0016,770.353
-626.684,117.121,770.353
-737.664,169.805,836.255
-706.872,164.157,836.255
-856.545,138.828,836.255
-829.327,154.293,836.255
-927.699,38.6829,836.255
-916.791,68.0259,836.255
-917.836,-83.7688,836.255
-928.339,-54.2779,836.255
-831.569,-171.233,836.255
-858.573,-155.394,836.255
-709.265,-182.784,836.255
-740.13,-188.009,836.255
-608.149,-113.015,836.255
-628.435,-136.856,836.255
-575.535,5.42538,836.255
-575.752,-25.8795,836.255
-626.684,117.121,836.255
-606.728,93.0017,836.255
-693.468,76.9749,647.699
-697.172,111.165,667.855
-709.323,86.274,647.699
-677.2,99.4485,667.855
-718.879,119.235,667.855
-726.554,92.6816,647.699
-741.654,123.413,667.855
-744.636,95.9986,647.699
-764.81,123.572,667.855
-763.017,96.1254,647.699
-787.642,119.708,667.855
-781.141,93.0589,647.699
-809.458,111.938,667.855
-798.46,86.8897,647.699
-829.592,100.499,667.855
-814.441,77.8079,647.699
-847.433,85.7367,667.855
-828.605,66.0882,647.699
-862.44,68.1013,667.855
-840.518,52.0897,647.699
-874.156,48.1268,667.855
-849.817,36.232,647.699
-882.224,26.4198,667.854
-856.225,19.0041,647.699
-886.404,3.64447,667.854
-859.542,0.922031,647.699
-886.564,-19.5112,667.854
-859.669,-17.4619,647.699
-882.698,-42.344,667.854
-856.599,-35.5862,647.699
-874.929,-64.1596,667.854
-850.433,-52.9016,647.699
-863.49,-84.291,667.854
-841.351,-68.8861,647.699
-848.728,-102.135,667.854
-829.632,-83.0475,647.699
-831.089,-117.141,667.854
-815.633,-94.9604,647.699
-811.118,-128.858,667.854
-799.775,-104.262,647.699
-789.411,-136.925,667.854
-782.545,-110.667,647.699
-766.636,-141.106,667.854
-764.466,-113.984,647.699
-743.48,-141.263,667.854
-746.082,-114.111,647.699
-720.647,-137.399,667.854
-727.957,-111.044,647.699
-698.832,-129.63,667.854
-710.642,-104.875,647.699
-678.697,-118.191,667.854
-694.657,-95.7933,647.699
-660.857,-103.429,667.854
-680.496,-84.0767,647.699
-646.254,-85.9389,668.268
-668.583,-70.0752,647.699
-634.133,-65.8165,667.854
-659.281,-54.2205,647.699
-626.065,-44.1125,667.854
-652.876,-36.9896,647.699
-621.885,-21.3372,667.854
-649.559,-18.9075,647.699
-621.725,1.82153,667.854
-649.432,-0.526653,647.699
-625.592,24.6513,667.855
-652.499,17.5977,647.699
-633.361,46.4669,667.855
-658.665,34.9162,647.699
-644.8,66.6013,667.855
-667.747,50.8976,647.699
-659.562,84.4419,667.855
-679.467,65.062,647.699
-932.052,14.9658,782.761
-932.052,14.9658,836.255
-933.349,7.89111,782.761
-933.564,-23.4137,782.761
-932.121,-31.9371,782.761
-932.121,-31.9371,836.255
-905.434,-105.6,782.761
-905.434,-105.6,836.255
-902.37,-110.987,782.761
-882.414,-135.108,782.761
-875.388,-141.085,782.761
-875.388,-141.085,836.255
-809.301,-179.512,782.761
-809.301,-179.512,836.255
-802.226,-182.144,782.761
-771.435,-187.791,782.761
-762.516,-187.852,782.761
-762.516,-187.852,836.255
-686.505,-174.677,782.761
-686.505,-174.677,836.255
-679.775,-172.281,782.761
-652.556,-156.815,782.761
-645.675,-151.123,782.761
-645.675,-151.123,836.255
-595.977,-92.265,782.761
-595.977,-92.265,836.255
-592.31,-86.0113,782.761
-581.399,-56.6712,782.761
-579.694,-47.3631,782.761
-579.694,-47.3631,836.255
-579.757,30.3739,782.761
-579.757,30.3739,836.255
-580.759,36.2925,782.761
-591.263,65.7835,782.761
-596.228,74.5212,782.761
-596.228,74.5212,836.255
-650.528,137.408,782.761
-677.529,153.247,782.761
-685.576,156.238,782.761
-685.576,156.238,836.255
-644.984,132.691,782.761
-644.984,132.691,836.255
-761.553,169.97,782.761
-761.553,169.97,836.255
-768.969,170.021,782.761
-799.836,164.797,782.761
-808.888,161.573,782.761
-808.888,161.573,836.255
-875.321,123.292,782.761
-875.321,123.291,836.255
-880.663,118.871,782.761
-900.952,95.0298,782.761
-906.056,86.3253,782.761
-906.056,86.3253,836.255
-892.063,28.8704,1.60354
-886.087,44.9455,509.988
-892.063,28.8706,509.988
-886.087,44.9456,567.128
-894.9,13.4083,509.987
-894.9,13.3962,567.128
-892.042,28.8646,593.667
-891.722,29.7218,593.809
-886.078,44.9425,577.399
-886.799,42.9898,582.095
-887.62,40.7744,586.106
-888.532,38.3176,589.357
-889.525,35.6435,591.775
-890.59,32.7701,593.284
-893.026,23.5103,591.805
-893.56,20.6158,589.411
-894.052,17.9387,586.2
-894.502,15.515,582.255
-894.894,13.3932,577.658
-892.465,26.5737,593.299
-856.098,-109.152,1.60348
-866.031,-97.1456,509.987
-856.098,-109.152,509.987
-866.031,-97.1456,567.128
-842.915,-120.368,509.987
-842.906,-120.377,567.128
-866.025,-97.1396,577.399
-864.691,-98.7483,582.095
-863.173,-100.574,586.106
-861.492,-102.603,589.357
-859.663,-104.812,591.775
-857.698,-107.184,593.284
-856.083,-109.137,593.691
-850.699,-113.719,591.805
-848.468,-115.62,589.411
-846.404,-117.38,586.2
-844.536,-118.973,582.255
-842.9,-120.371,577.658
-855.528,-109.608,593.809
-853.065,-111.705,593.299
-767.96,-150.991,1.60346
-770.318,-150.559,509.987
-767.96,-150.99,509.987
-770.318,-150.559,567.128
-743.1,-151.162,509.987
-737.558,-150.227,567.128
-737.57,-150.227,509.987
-770.318,-150.55,577.399
-768.232,-150.93,582.095
-767.958,-150.981,582.56
-754.119,-151.066,593.809
-750.884,-151.09,593.299
-747.781,-151.111,591.805
-744.85,-151.135,589.411
-743.1,-151.147,587.338
-760.415,-151.024,591.774
-757.361,-151.045,593.284
-765.875,-150.99,586.106
-763.261,-151.008,589.357
-739.698,-150.577,582.255
-737.558,-150.218,577.658
-742.14,-150.987,586.2
-638.28,-91.6073,1.60349
-638.28,-91.6071,509.987
-653.57,-109.575,509.987
-653.57,-109.575,567.128
-633.596,-83.621,509.987
-633.59,-83.6119,567.128
-643.094,-97.233,593.809
-641.0,-94.7702,593.299
-638.986,-92.4069,591.805
-638.295,-91.595,590.935
-653.577,-109.571,577.399
-649.019,-104.199,589.357
-650.709,-106.191,586.106
-647.175,-102.029,591.775
-645.195,-99.702,593.284
-652.233,-107.987,582.095
-635.953,-87.611,586.2
-634.698,-85.4771,582.255
-633.596,-83.6059,577.658
-637.342,-89.9713,589.411
-624.87,50.3933,1.60356
-624.87,50.3935,509.988
-618.749,33.2078,509.988
-618.749,33.2078,567.128
-632.096,63.1122,509.988
-632.102,63.1213,567.128
-624.888,50.3845,593.492
-624.212,48.483,593.809
-618.755,33.2048,577.399
-619.459,35.1636,582.095
-620.253,37.388,586.106
-621.134,39.8539,589.357
-622.094,42.5401,591.775
-623.123,45.4225,593.284
-627.034,54.1633,591.805
-628.486,56.7227,589.411
-629.832,59.095,586.2
-631.046,61.2379,582.255
-632.111,63.1183,577.658
-625.495,51.4499,593.299
-741.141,133.005,1.6036
-737.688,132.372,509.988
-741.141,133.005,509.988
-737.688,132.372,567.128
-766.002,133.177,509.988
-770.451,132.424,567.128
-770.439,132.426,509.988
-737.688,132.364,577.399
-739.755,132.74,582.095
-741.141,132.992,584.458
-753.859,133.072,593.809
-757.092,133.095,593.299
-760.195,133.118,591.805
-763.122,133.14,589.411
-765.836,133.161,586.2
-765.999,133.162,585.934
-747.564,133.031,591.775
-750.618,133.05,593.284
-742.107,132.997,586.106
-744.72,133.013,589.357
-768.296,132.777,582.255
-770.451,132.415,577.659
149.498,-87.1598,3.04431
157.747,-91.998,3.0446
157.747,-91.9978,474.81
149.498,-87.1596,474.81
166.711,-95.3302,3.0446
166.711,-95.3299,474.81
176.116,-97.0566,3.0446
176.116,-97.0563,474.81
185.677,-97.1199,3.0446
185.677,-97.1197,474.81
195.103,-95.5263,3.0446
195.103,-95.5261,474.81
204.112,-92.318,3.0446
204.112,-92.3177,474.81
212.425,-87.5945,3.04431
212.425,-87.5942,474.81
219.792,-81.4977,3.04461
219.792,-81.4974,474.81
225.988,-74.2147,3.04461
225.988,-74.2145,474.81
230.827,-65.969,3.04462
230.827,-65.9688,474.81
234.159,-57.0049,3.04462
234.159,-57.0047,474.81
235.885,-47.6002,3.04462
235.885,-47.5999,474.81
235.951,-38.0385,3.04463
235.952,-38.0382,474.81
234.355,-28.6096,3.04463
234.355,-28.6094,474.81
231.146,-19.6033,3.04464
231.146,-19.6031,474.81
226.423,-11.2881,3.04464
226.423,-11.2879,474.81
220.326,-3.92373,3.04465
220.326,-3.92348,474.81
213.043,2.27568,3.04465
213.043,2.27593,474.81
204.798,7.11085,3.04465
204.798,7.1111,474.81
195.833,10.443,3.04465
195.833,10.4432,474.81
186.429,12.1694,3.04465
186.429,12.1696,474.81
176.867,12.2358,3.04465
176.867,12.236,474.81
167.438,10.6391,3.04465
167.438,10.6394,474.81
158.432,7.43075,3.04465
158.432,7.43101,474.81
150.12,2.70728,3.04465
150.12,2.70754,474.81
142.752,-3.3865,3.04464
142.752,-3.38624,474.81
136.556,-10.6694,3.04464
136.556,-10.6692,474.81
131.718,-18.9182,3.04464
131.718,-18.9179,474.81
128.386,-27.8793,3.04463
128.386,-27.879,474.81
126.659,-37.284,3.04463
126.659,-37.2837,474.81
126.593,-46.8457,3.04462
126.593,-46.8454,474.81
128.189,-56.2745,3.04462
128.189,-56.2743,474.81
131.398,-65.2839,3.04461
131.398,-65.2836,474.81
136.121,-73.596,3.04461
136.121,-73.5958,474.81
142.218,-80.9635,3.04461
142.218,-80.9632,474.81
157.747,-91.9978,505.798
149.498,-87.1596,505.798
166.711,-95.3299,505.798
195.103,-95.5261,505.798
204.112,-92.3177,505.798
212.425,-87.5942,505.798
219.792,-81.4974,505.798
225.988,-74.2145,505.798
230.827,-65.9687,505.799
235.952,-38.0382,505.799
235.885,-47.5999,505.799
234.355,-28.6094,505.799
231.146,-19.603,505.799
226.423,-11.2879,505.799
204.798,7.11112,505.799
213.043,2.27292,505.799
195.833,10.4432,505.799
167.438,10.6394,505.799
158.432,7.43102,505.799
150.12,2.70755,505.799
142.752,-3.38623,505.799
128.386,-27.879,505.799
131.718,-18.9179,505.799
126.659,-37.2837,505.799
126.593,-46.8454,505.799
128.189,-56.2743,505.799
142.218,-80.9632,505.798
136.121,-73.5958,505.798
157.756,-91.9766,536.786
149.513,-87.1415,536.786
166.717,-95.3057,536.786
176.116,-97.0321,536.786
204.1,-92.2965,536.786
195.097,-95.5019,536.786
212.413,-87.573,536.786
219.774,-81.4793,536.786
225.97,-74.2024,536.786
230.805,-65.9566,536.786
234.135,-56.9986,536.786
235.927,-38.0412,536.786
235.861,-47.5969,536.786
234.331,-28.6154,536.786
231.125,-19.6121,536.786
226.402,-11.303,536.786
220.308,-3.93852,536.786
204.785,7.09002,536.786
213.031,2.25485,536.786
195.827,10.4221,536.786
186.426,12.1455,536.786
158.441,7.40992,536.786
167.444,10.6183,536.786
150.132,2.68944,536.786
142.767,-3.4043,536.786
128.407,-27.885,536.786
131.739,-18.927,536.786
126.683,-37.2867,536.786
126.617,-46.8454,536.786
128.214,-56.2682,536.786
131.419,-65.2715,536.786
142.233,-80.9451,536.786
136.139,-73.5807,536.786
151.65,-104.84,565.924
141.264,-98.7495,565.924
162.935,-109.036,565.924
174.778,-111.209,565.924
185.674,-97.0955,536.786
186.818,-111.29,565.924
198.689,-109.283,565.924
210.031,-105.242,565.924
220.498,-99.2928,565.924
229.776,-91.6174,565.924
237.578,-82.4481,565.924
243.669,-72.0655,565.924
247.864,-60.7774,565.924
250.037,-48.9369,565.924
250.119,-36.8974,565.924
248.112,-25.0267,565.924
244.07,-13.6843,565.924
238.125,-3.21413,565.924
230.449,6.06082,565.924
221.277,13.8629,565.924
210.894,19.9536,565.924
199.609,24.1519,565.924
187.766,26.322,565.924
176.87,12.2119,536.786
175.726,26.4066,565.924
163.856,24.3964,565.924
152.513,20.3581,565.924
142.046,14.4092,565.924
132.768,6.73386,565.924
136.574,-10.6842,536.786
124.966,-2.43546,565.924
118.875,-12.8211,565.924
114.68,-24.1062,565.924
112.507,-35.9496,565.924
112.422,-47.9893,565.924
114.432,-59.8599,565.924
118.471,-71.2023,565.924
124.42,-81.6694,565.924
132.095,-90.9444,565.924
151.65,-104.84,583.957
141.264,-98.7495,583.957
162.935,-109.035,583.957
174.778,-111.209,583.957
186.818,-111.29,583.957
198.689,-109.283,583.957
210.031,-105.242,583.957
220.498,-99.2927,583.957
229.776,-91.6174,583.957
237.578,-82.4481,583.957
243.669,-72.0655,583.957
247.864,-60.7774,583.957
250.037,-48.9369,583.957
250.119,-36.8973,583.957
248.112,-25.0267,583.957
244.07,-13.6843,583.957
238.125,-3.21412,583.957
230.449,6.06083,583.957
221.277,13.8629,583.957
210.894,19.9536,583.957
199.609,24.1519,583.957
187.766,26.3221,583.957
175.726,26.4066,583.957
163.856,24.3964,583.957
152.513,20.3581,583.957
142.046,14.4092,583.957
132.768,6.73387,583.957
124.966,-2.43545,583.957
118.875,-12.8211,583.957
114.68,-24.1062,583.957
112.507,-35.9496,583.957
112.422,-47.9893,583.957
114.432,-59.8599,583.957
118.471,-71.2023,583.957
124.42,-81.6694,583.957
132.095,-90.9444,583.957
174.778,-111.209,609.304
162.935,-109.035,609.304
220.498,-99.2927,609.304
210.031,-105.242,609.304
247.864,-60.7774,609.304
243.669,-72.0655,609.304
244.07,-13.6843,609.304
248.112,-25.0267,609.304
210.894,19.9537,609.304
221.277,13.8629,609.304
163.856,24.3964,609.304
175.726,26.4066,609.304
124.966,-2.43544,609.304
132.768,6.73388,609.304
112.422,-47.9893,609.304
112.507,-35.9496,609.304
132.095,-90.9444,609.304
124.42,-81.6694,609.304
157.78,-75.5063,536.786
159.205,-88.6566,544.538
163.877,-79.0828,536.786
151.523,-84.1504,544.538
167.553,-91.7593,544.538
170.505,-81.5457,536.786
176.312,-93.365,544.538
177.459,-82.8224,536.786
185.218,-93.4284,544.538
184.527,-82.8707,536.786
193.998,-91.9404,544.538
191.499,-81.6906,536.786
202.389,-88.9524,544.538
198.161,-79.3183,536.786
210.134,-84.5518,544.538
204.306,-75.8262,536.786
216.994,-78.8746,544.538
209.753,-71.32,536.786
222.765,-72.0927,544.538
214.335,-65.9355,536.786
227.271,-64.4113,544.538
217.912,-59.8357,536.786
230.377,-56.063,544.538
220.375,-53.2108,536.786
231.983,-47.3041,544.538
221.651,-46.2568,536.786
232.043,-38.3974,544.538
221.7,-39.1852,536.786
230.558,-29.6144,544.538
220.519,-32.2161,536.786
227.57,-21.2268,544.538
218.147,-25.5549,536.786
223.169,-13.4821,544.538
214.655,-19.4068,536.786
217.492,-6.62171,544.538
210.149,-13.962,536.786
210.71,-0.847875,544.538
204.764,-9.38036,536.786
203.026,3.6553,544.538
198.665,-5.80379,536.786
194.681,6.76101,544.538
192.04,-3.3379,536.786
185.919,8.36672,544.538
185.086,-2.06423,536.786
177.015,8.43009,544.538
178.014,-2.01291,536.786
168.232,6.94209,544.538
171.045,-3.19304,536.786
159.841,3.9541,544.538
164.384,-5.56535,536.786
152.1,-0.446476,544.538
158.239,-9.0574,536.786
145.236,-6.12371,544.538
152.791,-13.5666,536.786
139.622,-12.8483,544.697
148.209,-18.9511,536.786
134.959,-20.587,544.538
144.633,-25.0479,536.786
131.857,-28.9353,544.538
142.167,-31.6759,536.786
130.251,-37.6942,544.538
140.893,-38.6298,536.786
130.187,-46.6009,544.538
140.845,-45.6984,536.786
131.675,-55.3839,544.538
142.022,-52.6705,536.786
134.663,-63.7715,544.538
144.394,-59.3287,536.786
139.061,-71.5162,544.538
147.889,-65.4768,536.786
144.738,-78.3766,544.538
152.395,-70.9246,536.786
249.539,-51.6563,588.729
249.539,-51.6563,609.304
250.037,-48.9369,588.729
250.119,-36.8973,588.729
249.567,-33.6195,588.729
249.567,-33.6195,609.304
239.302,-5.28762,588.729
239.302,-5.28761,609.304
238.125,-3.21411,588.729
230.449,6.06083,588.729
227.745,8.3607,588.729
227.745,8.36071,609.304
202.329,23.1378,588.729
202.329,23.1378,609.304
199.609,24.1519,588.729
187.766,26.3221,588.729
184.334,26.3462,588.729
184.334,26.3462,609.304
155.103,21.2786,588.729
155.103,21.2786,609.304
152.513,20.3581,588.729
142.046,14.4092,588.729
139.399,12.221,588.729
139.399,12.221,609.304
120.285,-10.4156,588.729
120.285,-10.4156,609.304
118.875,-12.8211,588.729
114.68,-24.1062,588.729
114.022,-27.6858,588.729
114.022,-27.6858,609.304
114.046,-57.5811,588.729
114.046,-57.5811,609.304
114.432,-59.8599,588.729
118.471,-71.2023,588.729
120.381,-74.5615,588.729
120.381,-74.5615,609.304
141.264,-98.7495,588.729
151.65,-104.84,588.729
154.744,-105.99,588.729
154.744,-105.99,609.304
139.133,-96.9325,588.729
139.133,-96.9325,609.304
183.966,-111.272,588.729
183.966,-111.272,609.304
186.818,-111.29,588.729
198.689,-109.283,588.729
202.169,-108.043,588.729
202.169,-108.043,609.304
227.721,-93.3197,588.729
227.721,-93.3197,609.304
229.776,-91.6174,588.729
237.578,-82.4481,588.729
239.54,-79.1009,588.729
239.54,-79.1009,609.304
231.859,-63.186,483.822
234.159,-57.0047,483.822
231.859,-63.186,505.799
235.248,-51.0588,483.822
235.251,-51.0527,505.799
234.153,-57.0017,516.005
234.029,-57.3336,516.06
231.856,-63.186,509.749
232.133,-62.4344,511.555
232.45,-61.5833,513.097
232.801,-60.6386,514.348
233.184,-59.6094,515.277
233.594,-58.5047,515.858
234.53,-54.9432,515.29
234.735,-53.8295,514.369
234.925,-52.8003,513.133
235.097,-51.8677,511.616
235.248,-51.0527,509.849
234.313,-56.1203,515.864
224.147,-8.53829,483.822
220.326,-3.92347,483.822
224.147,-8.53828,505.799
215.256,0.392576,483.822
215.253,0.395607,505.799
224.144,-8.5413,509.749
223.631,-7.92259,511.555
223.049,-7.21932,513.097
222.403,-6.44063,514.348
221.697,-5.58948,515.277
220.942,-4.67801,515.858
220.32,-3.92644,516.015
218.25,-2.16684,515.29
217.393,-1.43344,514.369
216.599,-0.757328,513.133
215.88,-0.144661,511.616
215.25,0.392588,509.849
220.109,-3.74536,516.06
219.161,-2.93952,515.864
187.337,12.0036,483.822
186.429,12.1696,483.822
187.337,12.0036,505.799
176.867,12.236,483.822
174.736,11.8739,505.799
174.742,11.8769,483.822
187.337,12.0006,509.749
186.534,12.1455,511.555
186.429,12.1666,511.734
181.105,12.1998,516.06
179.861,12.2059,515.864
178.669,12.2149,515.29
177.54,12.2239,514.369
176.867,12.23,513.572
183.528,12.1817,515.277
182.351,12.1907,515.858
185.626,12.1696,513.097
184.621,12.1757,514.348
175.56,12.0097,511.616
174.736,11.8708,509.849
176.499,12.1666,513.133
136.556,-10.6692,483.822
142.435,-3.75747,483.822
142.435,-3.75746,505.799
134.754,-13.7417,483.822
134.751,-13.7447,505.799
138.406,-8.50509,516.06
137.6,-9.45281,515.864
136.827,-10.3613,515.29
136.562,-10.6752,514.955
142.438,-3.76048,509.749
140.685,-5.82794,514.348
141.334,-5.06131,513.097
139.976,-6.66097,515.277
139.215,-7.55737,515.858
141.922,-4.37016,511.555
135.659,-12.2054,513.133
135.177,-13.0264,511.616
134.754,-13.7477,509.849
136.194,-11.2969,514.369
131.398,-65.2836,483.822
129.044,-58.6737,483.822
129.044,-58.6737,505.799
134.178,-70.1731,483.822
134.178,-70.1761,505.798
131.404,-65.2776,515.938
131.144,-64.5472,516.06
129.047,-58.6707,509.749
129.315,-59.4253,511.555
129.623,-60.2794,513.097
129.961,-61.2302,514.348
130.329,-62.2624,515.277
130.725,-63.3701,515.858
132.231,-66.7324,515.29
132.789,-67.7163,514.369
133.305,-68.6278,513.133
133.773,-69.4548,511.616
134.181,-70.1761,509.849
131.636,-65.688,515.864
174.787,-96.8118,483.822
176.116,-97.0563,483.822
174.787,-96.8118,505.798
185.677,-97.1197,483.822
187.385,-96.8299,505.798
187.382,-96.8329,483.822
174.787,-96.8088,509.749
175.581,-96.9537,511.555
176.116,-97.0502,512.464
181.005,-97.0804,516.06
182.248,-97.0895,515.864
183.444,-97.0985,515.29
184.57,-97.1076,514.369
185.611,-97.1136,513.133
185.674,-97.1166,513.031
178.584,-97.0653,515.277
179.761,-97.0714,515.858
176.487,-97.0533,513.097
177.492,-97.0593,514.348
186.559,-96.9657,511.616
187.389,-96.8269,509.849
-598.848,-14.3274,433.027
-553.271,-14.3274,433.027
-553.271,-14.3274,457.156
-598.848,-14.3274,457.156
-598.848,39.8947,433.027
-553.271,39.8947,433.027
-553.271,39.8947,457.156
-598.848,39.8947,457.156
-530.999,-14.3274,433.027
-485.424,-14.3274,433.027
-485.424,-14.3274,457.156
-530.999,-14.3274,457.156
-530.999,39.8947,433.027
-485.424,39.8947,433.027
-485.424,39.8948,457.156
-530.999,39.8947,457.156
-465.761,-14.3274,433.027
-420.186,-14.3274,433.027
-420.186,-14.3273,457.156
-465.761,-14.3273,457.156
-465.761,39.8947,433.027
-420.186,39.8948,433.027
-420.186,39.8948,457.156
-465.761,39.8948,457.156
-395.304,-14.3273,433.027
-349.726,-14.3273,433.027
-349.726,-14.3273,457.156
-395.304,-14.3273,457.156
-395.304,39.8948,433.027
-349.726,39.8948,433.027
-349.726,39.8948,457.156
-395.304,39.8948,457.156
-324.847,-14.3273,433.027
-279.269,-14.3273,433.027
-279.269,-14.3273,457.156
-324.847,-14.3273,457.156
-324.847,39.8948,433.027
-279.269,39.8948,433.027
-279.269,39.8948,457.156
-324.847,39.8948,457.156
-254.389,-14.3273,433.027
-208.812,-14.3273,433.027
-208.812,-14.3273,457.156
-254.389,-14.3273,457.156
-254.387,39.8948,433.027
-208.812,39.8948,433.027
-208.812,39.8948,457.156
-254.387,39.8948,457.156
-189.148,-14.3273,433.027
-143.573,-14.3273,433.027
-143.573,-14.3273,457.156
-189.148,-14.3273,457.156
-189.148,39.8948,433.027
-143.573,39.8948,433.027
-143.573,39.8948,457.156
-189.148,39.8948,457.156
-144.877,-31.0542,433.033
-144.877,55.2092,433.033
137.905,55.2092,433.033
137.905,-31.0541,433.033
137.905,55.2093,538.568
137.905,-31.0541,538.568
-144.877,-31.0541,538.568
-144.877,55.2092,538.568
109.492,-31.0541,515.567
87.842,-31.0541,515.567
109.492,-31.0541,538.568
109.492,55.2093,538.568
109.492,55.2093,515.567
87.842,55.2093,515.567
87.842,-31.0541,538.568
87.842,55.2093,538.568
66.1955,-31.0541,515.567
44.5459,-31.0541,515.567
66.1955,-31.0541,538.568
66.1954,55.2093,538.568
44.5458,55.2092,515.567
66.1954,55.2093,515.567
44.5459,-31.0541,538.568
44.5458,55.2093,538.568
25.6035,-31.0541,515.567
3.95701,-31.0541,515.567
25.6035,-31.0541,538.568
25.6035,55.2093,538.568
3.957,55.2092,515.567
25.6035,55.2092,515.567
3.95701,-31.0541,538.568
3.957,55.2093,538.568
-13.6332,-31.0541,515.567
-35.2828,-31.0541,515.567
-13.6332,-31.0541,538.568
-35.2828,55.2092,515.567
-13.6332,55.2092,515.567
-13.6332,55.2092,538.568
-35.2828,-31.0541,538.568
-35.2828,55.2092,538.568
-55.5771,-31.0541,515.567
-77.2267,-31.0541,515.567
-55.5771,-31.0541,538.568
-55.5771,55.2092,538.568
-77.2267,55.2092,515.567
-55.5771,55.2092,515.567
-77.2267,-31.0541,538.568
-77.2267,55.2092,538.568
-117.816,-31.0541,515.567
-96.1691,-31.0541,515.567
-96.1691,-31.0541,538.568
-117.816,-31.0541,538.568
-117.816,55.2092,538.568
-96.1691,55.2092,538.568
-117.816,55.2092,515.567
-96.1691,55.2092,515.567
139.656,-14.3273,433.027
185.231,-14.3273,433.027
185.231,-14.3272,457.156
139.656,-14.3273,457.156
139.656,39.8948,433.027
185.23,39.8948,433.027
185.23,39.8949,457.156
139.656,39.8949,457.156
204.894,-14.3273,433.027
250.472,-14.3272,433.027
250.472,-14.3272,457.156
204.894,-14.3272,457.156
204.894,39.8949,433.027
250.472,39.8949,433.027
250.472,39.8949,457.156
204.894,39.8949,457.156
272.74,-14.3272,433.027
318.318,-14.3272,433.027
318.318,-14.3272,457.156
272.74,-14.3272,457.156
272.74,39.8949,433.027
318.318,39.8949,433.027
318.318,39.8949,457.156
272.74,39.8949,457.156
343.2,-14.3272,433.027
388.775,-14.3272,433.027
388.775,-14.3272,457.156
343.2,-14.3272,457.156
343.2,39.8949,433.027
388.775,39.8949,433.027
388.775,39.8949,457.156
343.2,39.8949,457.156
413.658,-14.3272,433.027
459.236,-14.3272,433.027
459.236,-14.3272,457.156
413.658,-14.3272,457.156
413.658,39.8949,433.027
459.235,39.8949,433.027
459.235,39.8949,457.156
413.658,39.8949,457.156
489.333,-14.3272,433.027
534.911,-14.3272,433.027
534.911,-14.3272,457.156
489.333,-14.3272,457.156
489.333,39.8949,433.027
534.911,39.8949,433.027
534.911,39.8949,457.156
489.333,39.8949,457.156
562.401,-14.3272,433.027
607.979,-14.3272,433.027
607.979,-14.3272,457.156
562.401,-14.3272,457.156
562.401,39.8949,433.027
607.979,39.8949,433.027
607.979,39.8949,457.156
562.401,39.8949,457.156
-74.2298,30.7163,240.381
-74.4622,30.7162,2.9779
72.9562,30.7163,2.9779
73.0075,30.7164,240.381
-71.5978,30.7163,259.939
70.3756,30.7164,259.939
62.9478,30.7164,277.521
-64.1701,30.7164,277.521
-52.6556,30.7164,292.423
51.4304,30.7164,292.423
-37.7516,30.7164,303.94
-20.1705,30.7164,311.367
-0.612609,30.7164,314.0
18.9453,30.7164,311.367
36.5295,30.7164,303.94
72.9562,56.5189,2.97791
73.0075,56.519,240.381
-74.4622,56.5189,2.97791
-74.2298,56.519,240.381
-71.5978,56.519,259.939
-64.1701,56.519,277.521
-52.6556,56.519,292.423
-37.7516,56.519,303.94
-20.1705,56.519,311.367
-0.612612,56.519,314.0
18.9453,56.519,311.367
36.5295,56.519,303.94
51.4304,56.519,292.423
62.9478,56.519,277.521
70.3756,56.519,259.939
841.726,107.277,1.60392
820.282,119.855,1.60392
820.282,119.855,567.128
841.726,107.278,567.128
796.975,128.519,1.60363
796.975,128.519,567.128
747.661,133.177,1.60363
723.147,129.028,1.60363
723.147,129.028,567.128
699.726,120.686,1.60392
699.726,120.686,567.128
678.109,108.403,1.60391
678.109,108.403,567.128
658.956,92.5545,1.60361
658.956,92.5547,567.128
642.844,73.6183,1.6036
642.844,73.6185,567.128
630.265,52.1739,1.60359
630.265,52.1742,567.128
617.114,4.41682,1.60357
616.942,-20.4442,1.60356
616.942,-20.4439,567.128
617.114,4.41704,567.128
621.092,-44.958,1.60358
621.092,-44.9578,567.128
629.435,-68.3793,1.60357
629.435,-68.3791,567.128
641.716,-89.9957,1.60356
641.716,-89.9955,567.128
676.5,-125.263,1.60354
697.945,-137.843,1.60354
697.945,-137.843,567.128
676.5,-125.263,567.128
721.248,-146.506,1.60353
721.248,-146.505,567.128
770.563,-151.163,1.60353
795.077,-147.016,1.60354
795.077,-147.015,567.128
818.498,-138.673,1.60354
818.498,-138.673,567.128
840.114,-126.389,1.60355
840.115,-126.389,567.128
859.271,-110.541,1.60355
859.271,-110.54,567.128
887.962,-70.16,1.60357
896.625,-46.8564,1.60359
896.625,-46.8562,567.128
887.962,-70.1598,567.128
901.112,-22.4029,1.6036
901.112,-22.4027,567.128
901.281,2.45808,1.60357
901.281,2.45831,567.128
897.134,26.972,1.60358
897.134,26.9722,567.128
876.511,72.0097,1.60361
860.659,91.1632,1.60361
860.659,91.1634,567.128
876.511,72.0099,567.128
820.255,119.799,647.699
841.69,107.226,647.699
796.96,128.459,647.699
772.516,132.943,647.699
699.753,120.629,647.699
723.162,128.968,647.699
678.145,108.352,647.699
658.998,92.5095,647.699
642.893,73.5823,647.699
630.322,52.147,647.699
621.66,28.8555,647.699
617.005,-20.4409,647.699
617.178,4.41107,647.699
621.153,-44.9427,647.699
629.492,-68.3519,647.699
641.767,-89.9592,647.699
657.61,-109.107,647.699
697.972,-137.786,647.699
676.537,-125.212,647.699
721.266,-146.445,647.699
745.708,-150.93,647.699
818.474,-138.616,647.699
795.062,-146.955,647.699
840.078,-126.338,647.699
859.226,-110.495,647.699
896.564,-46.841,647.699
887.905,-70.1326,647.699
901.049,-22.3966,647.699
901.221,2.4523,647.699
897.074,26.9571,647.699
888.735,50.3663,647.699
860.617,91.1212,647.699
876.46,71.9737,647.699
836.133,153.247,723.459
863.134,137.408,723.459
806.79,164.157,723.459
775.999,169.805,723.459
747.667,133.114,647.699
744.694,170.021,723.459
713.827,164.797,723.459
684.336,154.293,723.459
657.118,138.828,723.459
632.999,118.871,723.459
612.711,95.0298,723.459
596.871,68.0258,723.459
585.963,38.6828,723.459
580.313,7.89107,723.459
580.099,-23.4138,723.459
585.323,-54.278,723.459
595.827,-83.7689,723.459
611.292,-110.987,723.459
631.248,-135.109,723.459
655.089,-155.394,723.459
682.093,-171.233,723.459
711.436,-182.144,723.459
742.228,-187.791,723.459
770.56,-151.102,647.699
773.533,-188.009,723.459
804.397,-182.784,723.459
833.888,-172.281,723.459
861.106,-156.815,723.459
885.228,-136.856,723.459
875.331,-91.5709,647.699
905.513,-113.015,723.459
921.353,-86.0113,723.459
932.263,-56.6713,723.459
937.91,-25.8796,723.459
938.128,5.42531,723.459
932.903,36.2925,723.459
922.4,65.7834,723.459
906.934,93.0016,723.459
886.978,117.121,723.459
836.133,153.247,770.353
863.134,137.408,770.353
806.79,164.157,770.353
775.999,169.805,770.353
744.694,170.021,770.353
713.827,164.797,770.353
684.336,154.293,770.353
657.118,138.828,770.353
632.999,118.871,770.353
612.711,95.0298,770.353
596.871,68.0259,770.353
585.963,38.6828,770.353
580.313,7.89109,770.353
580.099,-23.4138,770.353
585.323,-54.2779,770.353
595.827,-83.7688,770.353
611.292,-110.987,770.353
631.248,-135.109,770.353
655.089,-155.394,770.353
682.093,-171.233,770.353
711.436,-182.144,770.353
742.228,-187.791,770.353
773.533,-188.009,770.353
804.397,-182.784,770.353
833.888,-172.281,770.353
861.106,-156.815,770.353
885.228,-136.856,770.353
905.513,-113.015,770.353
921.353,-86.0113,770.353
932.263,-56.6713,770.353
937.91,-25.8795,770.353
938.128,5.42533,770.353
932.903,36.2925,770.353
922.4,65.7834,770.353
906.934,93.0016,770.353
886.978,117.121,770.353
775.999,169.805,836.256
806.79,164.157,836.256
657.118,138.828,836.256
684.336,154.293,836.256
585.963,38.6829,836.255
596.871,68.0259,836.255
595.827,-83.7688,836.255
585.323,-54.2779,836.255
682.093,-171.233,836.255
655.089,-155.394,836.255
804.397,-182.784,836.255
773.533,-188.009,836.255
905.513,-113.015,836.255
885.228,-136.856,836.255
938.128,5.42536,836.255
937.91,-25.8795,836.255
886.978,117.121,836.256
906.934,93.0016,836.256
820.194,76.9749,647.699
816.491,111.165,667.855
804.34,86.274,647.699
836.462,99.4484,667.855
794.784,119.235,667.855
787.109,92.6816,647.699
772.009,123.413,667.855
769.027,95.9986,647.699
748.853,123.572,667.855
750.646,96.1254,647.699
726.02,119.708,667.855
732.521,93.0589,647.699
704.205,111.938,667.855
715.203,86.8896,647.699
684.07,100.499,667.855
699.222,77.8078,647.699
666.229,85.7367,667.855
685.057,66.0882,647.699
651.223,68.1013,667.855
673.144,52.0897,647.699
639.506,48.1268,667.855
663.845,36.232,647.699
631.439,26.4198,667.855
657.437,19.0041,647.699
627.258,3.64445,667.855
654.12,0.922013,647.699
627.098,-19.5112,667.855
653.994,-17.4619,647.699
630.965,-42.344,667.854
657.063,-35.5862,647.699
638.734,-64.1596,667.854
663.229,-52.9017,647.699
650.173,-84.291,667.855
672.311,-68.8861,647.699
664.935,-102.135,667.855
684.031,-83.0475,647.699
682.573,-117.141,667.855
698.029,-94.9604,647.699
702.545,-128.858,667.854
713.887,-104.262,647.699
724.251,-136.926,667.854
731.118,-110.667,647.699
747.027,-141.106,667.854
749.197,-113.984,647.699
770.183,-141.263,667.854
767.581,-114.111,647.699
793.015,-137.399,667.854
785.705,-111.044,647.699
814.831,-129.63,667.854
803.021,-104.875,647.699
834.966,-118.191,667.854
819.005,-95.7934,647.699
852.806,-103.429,667.855
833.167,-84.0767,647.699
867.408,-85.9389,668.268
845.079,-70.0752,647.699
879.529,-65.8165,667.854
854.382,-54.2206,647.699
887.597,-44.1126,667.855
860.786,-36.9896,647.699
891.777,-21.3372,667.855
864.103,-18.9075,647.699
891.937,1.82152,667.855
864.23,-0.526671,647.699
888.071,24.6512,667.855
861.164,17.5977,647.699
880.302,46.4669,667.855
854.997,34.9162,647.699
868.863,66.6013,667.855
845.915,50.8975,647.699
854.101,84.4419,667.855
834.196,65.062,647.699
581.611,14.9658,782.761
581.611,14.9658,836.255
580.313,7.8911,782.761
580.099,-23.4137,782.761
581.542,-31.9372,782.761
581.542,-31.9371,836.255
608.229,-105.6,782.761
608.229,-105.6,836.255
611.292,-110.987,782.761
631.248,-135.109,782.761
638.275,-141.085,782.761
638.275,-141.085,836.255
704.362,-179.512,782.761
704.362,-179.512,836.255
711.436,-182.144,782.761
742.228,-187.791,782.761
751.147,-187.852,782.761
751.147,-187.852,836.255
827.157,-174.677,782.761
827.157,-174.677,836.255
833.888,-172.281,782.761
861.106,-156.815,782.761
867.988,-151.123,782.761
867.988,-151.123,836.255
917.685,-92.265,782.761
917.685,-92.265,836.255
921.353,-86.0113,782.761
932.263,-56.6713,782.761
933.969,-47.3631,782.761
933.969,-47.3631,836.255
933.905,30.3738,782.761
933.905,30.3739,836.255
932.903,36.2925,782.761
922.4,65.7834,782.761
917.435,74.5211,782.761
917.435,74.5212,836.255
863.134,137.408,782.761
836.133,153.247,782.761
828.087,156.238,782.761
828.087,156.238,836.256
868.679,132.691,782.761
868.679,132.691,836.256
752.109,169.97,782.761
752.109,169.97,836.256
744.694,170.021,782.761
713.827,164.797,782.761
704.775,161.573,782.761
704.775,161.573,836.256
638.341,123.292,782.761
638.341,123.291,836.256
632.999,118.871,782.761
612.711,95.0298,782.761
607.607,86.3253,782.761
607.607,86.3253,836.255
621.599,28.8703,1.60358
627.575,44.9455,509.988
621.599,28.8705,509.988
627.575,44.9455,567.128
618.762,13.4083,509.988
618.762,13.3962,567.128
621.62,28.8645,593.667
621.94,29.7217,593.809
627.584,44.9425,577.399
626.863,42.9898,582.095
626.042,40.7744,586.106
625.13,38.3176,589.357
624.138,35.6435,591.775
623.072,32.7701,593.284
620.636,23.5102,591.805
620.102,20.6158,589.411
619.61,17.9386,586.2
619.161,15.515,582.255
618.768,13.3932,577.658
621.198,26.5737,593.299
657.564,-109.152,1.60355
647.631,-97.1457,509.987
657.564,-109.152,509.987
647.631,-97.1456,567.128
670.748,-120.368,509.987
670.757,-120.377,567.128
647.637,-97.1396,577.399
648.971,-98.7483,582.095
650.49,-100.574,586.106
652.171,-102.603,589.357
654.0,-104.812,591.775
655.965,-107.184,593.284
657.579,-109.137,593.691
662.964,-113.719,591.805
665.194,-115.62,589.411
667.259,-117.38,586.2
669.127,-118.973,582.255
670.763,-120.371,577.658
658.135,-109.608,593.809
660.598,-111.705,593.299
745.702,-150.991,1.60353
743.345,-150.559,509.987
745.702,-150.99,509.987
743.345,-150.559,567.128
770.563,-151.162,509.987
776.104,-150.227,567.128
776.092,-150.227,509.987
743.345,-150.55,577.399
745.43,-150.93,582.095
745.705,-150.981,582.56
759.543,-151.066,593.809
762.779,-151.09,593.299
765.882,-151.111,591.805
768.812,-151.135,589.411
770.563,-151.147,587.338
753.247,-151.024,591.775
756.302,-151.045,593.284
747.787,-150.99,586.106
750.401,-151.008,589.357
773.964,-150.577,582.255
776.104,-150.218,577.658
771.523,-150.987,586.2
875.382,-91.6074,1.60356
875.382,-91.6072,509.988
860.092,-109.575,509.987
860.092,-109.575,567.128
880.067,-83.621,509.988
880.073,-83.6119,567.128
870.568,-97.2331,593.809
872.663,-94.7702,593.299
874.676,-92.4069,591.805
875.367,-91.5951,590.935
860.086,-109.572,577.399
864.643,-104.199,589.357
862.953,-106.191,586.106
866.488,-102.029,591.775
868.468,-99.702,593.284
861.429,-107.987,582.095
877.709,-87.611,586.2
878.965,-85.4772,582.255
880.067,-83.6059,577.658
876.321,-89.9713,589.411
888.792,50.3933,1.6036
888.792,50.3935,509.988
894.913,33.2078,509.988
894.913,33.2078,567.128
881.566,63.1122,509.988
881.56,63.1213,567.128
888.774,50.3844,593.492
889.45,48.483,593.809
894.907,33.2048,577.399
894.204,35.1636,582.095
893.41,37.388,586.106
892.529,39.8539,589.357
891.569,42.5401,591.775
890.54,45.4225,593.284
886.628,54.1632,591.805
885.176,56.7227,589.411
883.83,59.095,586.2
882.617,61.2379,582.255
881.551,63.1182,577.659
888.167,51.4499,593.299
772.522,133.005,1.60363
775.974,132.372,509.988
772.522,133.005,509.988
775.974,132.372,567.128
747.661,133.177,509.988
743.212,132.424,567.128
743.224,132.426,509.988
775.974,132.364,577.399
773.907,132.74,582.095
772.522,132.992,584.459
759.803,133.072,593.809
756.57,133.095,593.299
753.468,133.118,591.805
750.54,133.14,589.411
747.827,133.161,586.2
747.664,133.162,585.934
766.099,133.03,591.775
763.045,133.05,593.284
771.556,132.997,586.106
768.942,133.013,589.357
745.367,132.777,582.255
743.212,132.415,577.659
-624.048,-31.1207,433.714
629.598,-31.1205,433.714
629.598,56.7123,433.715
-624.048,56.7121,433.715
629.598,-31.1207,2.99116
629.598,56.7121,2.99121
-624.048,56.7119,2.99118
-624.048,-31.1209,2.99113
73.0073,-31.1207,240.381
72.9561,-31.1208,2.99115
-74.2299,-31.1207,240.381
-74.4623,-31.1208,2.99115
-71.598,-31.1207,259.939
-64.1702,-31.1207,277.521
-52.6558,-31.1207,292.423
-37.7517,-31.1207,303.94
-20.1707,-31.1207,311.367
-0.612747,-31.1207,314.0
18.9452,-31.1207,311.367
36.5293,-31.1207,303.94
51.4303,-31.1207,292.423
62.9477,-31.1207,277.521
70.3755,-31.1207,259.939
72.956,56.712,2.99119
73.0073,56.7122,240.381
-74.2299,56.7121,240.381
-74.4623,56.712,2.99119
-71.598,56.7121,259.939
-64.1702,56.7121,277.521
-52.6558,56.7122,292.423
-37.7517,56.7122,303.94
-20.1707,56.7122,311.367
-0.61276,56.7122,314.0
18.9452,56.7122,311.367
36.5293,56.7122,303.94
48.0075,56.7122,295.069
51.4302,56.7122,292.423
62.9477,56.7122,277.521
70.3755,56.7122,259.939
